{
  "custom": {},
  "params": {},
  "props": {
    "defaultSize": {
      "height": 160,
      "width": 400
    }
  },
  "root": {
    "children": [
      {
        "meta": {
          "name": "Image"
        },
        "position": {
          "height": 93,
          "rotate": {
            "anchor": "50% 39%"
          },
          "width": 97,
          "x": 3.9999923706054688,
          "y": 11.959774475097657
        },
        "props": {
          "fit": {
            "mode": "contain"
          },
          "source": "/system/images/Uploaded-images/incomplete form.png"
        },
        "type": "ia.display.image"
      },
      {
        "meta": {
          "name": "Label"
        },
        "position": {
          "height": 32,
          "width": 281,
          "x": 107.96138763427734,
          "y": 23.4053
        },
        "props": {
          "style": {
            "fontSize": "30px",
            "fontWeight": "bold"
          },
          "text": "Form Incomplete!"
        },
        "type": "ia.display.label"
      },
      {
        "meta": {
          "name": "Label_0"
        },
        "position": {
          "height": 32,
          "width": 281,
          "x": 107.87519421386719,
          "y": 58.31067539672851
        },
        "props": {
          "style": {
            "fontSize": "16px"
          },
          "text": "*Please fill in all required sections"
        },
        "type": "ia.display.label"
      },
      {
        "events": {
          "dom": {
            "onClick": {
              "config": {
                "draggable": true,
                "id": "missing_field",
                "modal": false,
                "overlayDismiss": false,
                "resizable": true,
                "showCloseIcon": true,
                "type": "close",
                "viewPath": "",
                "viewportBound": false
              },
              "scope": "C",
              "type": "popup"
            }
          }
        },
        "meta": {
          "name": "Button"
        },
        "position": {
          "height": 34,
          "width": 140,
          "x": 229.5,
          "y": 115.698
        },
        "props": {
          "style": {
            "classes": "Method_Statement/button_white"
          },
          "text": "Close"
        },
        "type": "ia.input.button"
      }
    ],
    "meta": {
      "name": "root"
    },
    "type": "ia.container.coord"
  }
}