{
  "custom": {},
  "params": {
    "ppe_id": "value",
    "ppe_name": "value",
    "selected": false
  },
  "propConfig": {
    "params.ppe_id": {
      "paramDirection": "input",
      "persistent": true
    },
    "params.ppe_name": {
      "paramDirection": "input",
      "persistent": true
    },
    "params.selected": {
      "paramDirection": "inout",
      "persistent": true
    }
  },
  "props": {
    "defaultSize": {
      "height": 21,
      "width": 390
    }
  },
  "root": {
    "children": [
      {
        "meta": {
          "name": "Label"
        },
        "position": {
          "basis": "380px",
          "grow": 1
        },
        "propConfig": {
          "props.text": {
            "binding": {
              "config": {
                "path": "view.params.ppe_name"
              },
              "type": "property"
            }
          }
        },
        "props": {
          "style": {
            "classes": "Method_Statement/label",
            "marginRight": 0
          }
        },
        "type": "ia.display.label"
      }
    ],
    "events": {
      "dom": {
        "onClick": {
          "config": {
            "script": "\tselected\t\u003d self.view.params.selected\n\t\n\tif selected \u003d\u003d True:\n\t\tself.view.params.selected \u003d False\n\telse:\n\t\tself.view.params.selected \u003d True"
          },
          "scope": "G",
          "type": "script"
        }
      }
    },
    "meta": {
      "name": "root"
    },
    "propConfig": {
      "props.style.classes": {
        "binding": {
          "config": {
            "path": "view.params.selected"
          },
          "transforms": [
            {
              "code": "\tif value \u003d\u003d True:\n\t\treturn \u0027Method_Statement/highlight_selected_item\u0027\n\telse:\n\t\treturn \u0027\u0027",
              "type": "script"
            }
          ],
          "type": "property"
        }
      }
    },
    "props": {
      "style": {
        "cursor": "pointer"
      }
    },
    "type": "ia.container.flex"
  }
}