{
  "custom": {},
  "params": {},
  "props": {
    "defaultSize": {
      "height": 333,
      "width": 770
    }
  },
  "root": {
    "children": [
      {
        "meta": {
          "name": "spacer_0"
        },
        "position": {
          "basis": "10px",
          "shrink": 0
        },
        "type": "ia.display.label"
      },
      {
        "children": [
          {
            "meta": {
              "name": "Label"
            },
            "position": {
              "basis": "300px"
            },
            "props": {
              "style": {
                "classes": "Method_Statement/label"
              },
              "text": "Tool Name"
            },
            "type": "ia.display.label"
          },
          {
            "meta": {
              "name": "tool_name"
            },
            "position": {
              "basis": "406px"
            },
            "type": "ia.input.text-field"
          }
        ],
        "meta": {
          "name": "tool_name"
        },
        "position": {
          "basis": "30px",
          "shrink": 0
        },
        "props": {
          "style": {
            "classes": "Method_Statement/card"
          }
        },
        "type": "ia.container.flex"
      },
      {
        "meta": {
          "name": "spacer_1"
        },
        "position": {
          "basis": "10px",
          "shrink": 0
        },
        "type": "ia.display.label"
      },
      {
        "children": [
          {
            "meta": {
              "name": "Label"
            },
            "position": {
              "basis": "300px"
            },
            "props": {
              "style": {
                "classes": "Method_Statement/label"
              },
              "text": "Brand"
            },
            "type": "ia.display.label"
          },
          {
            "events": {
              "system": {
                "onStartup": {
                  "config": {
                    "script": "\tself.props.value \u003d None"
                  },
                  "scope": "G",
                  "type": "script"
                }
              }
            },
            "meta": {
              "name": "brand"
            },
            "position": {
              "basis": "406px"
            },
            "propConfig": {
              "props.options": {
                "binding": {
                  "config": {
                    "queryPath": "tool_inventory/select brands"
                  },
                  "type": "query"
                }
              }
            },
            "props": {
              "allowCustomOptions": true,
              "showClearIcon": true,
              "value": null
            },
            "type": "ia.input.dropdown"
          }
        ],
        "meta": {
          "name": "brand"
        },
        "position": {
          "basis": "30px",
          "shrink": 0
        },
        "props": {
          "style": {
            "classes": "Method_Statement/card"
          }
        },
        "type": "ia.container.flex"
      },
      {
        "children": [
          {
            "meta": {
              "name": "Label"
            },
            "position": {
              "basis": "300px"
            },
            "props": {
              "style": {
                "classes": "Method_Statement/label"
              },
              "text": "Size"
            },
            "type": "ia.display.label"
          },
          {
            "meta": {
              "name": "size"
            },
            "position": {
              "basis": "406px"
            },
            "type": "ia.input.text-field"
          }
        ],
        "meta": {
          "name": "size"
        },
        "position": {
          "basis": "30px",
          "shrink": 0
        },
        "props": {
          "style": {
            "classes": "Method_Statement/card"
          }
        },
        "type": "ia.container.flex"
      },
      {
        "children": [
          {
            "meta": {
              "name": "Label"
            },
            "position": {
              "basis": "300px"
            },
            "props": {
              "style": {
                "classes": "Method_Statement/label"
              },
              "text": "Quantity"
            },
            "type": "ia.display.label"
          },
          {
            "events": {
              "system": {
                "onStartup": {
                  "config": {
                    "script": "\tself.props.value\t \u003d 1"
                  },
                  "scope": "G",
                  "type": "script"
                }
              }
            },
            "meta": {
              "name": "quantity"
            },
            "position": {
              "basis": "100px"
            },
            "props": {
              "inputBounds": {
                "minimum": 1
              },
              "style": {
                "classes": "Method_Statement/numeric_entry_field"
              },
              "value": 1
            },
            "type": "ia.input.numeric-entry-field"
          }
        ],
        "meta": {
          "name": "quantity"
        },
        "position": {
          "basis": "30px",
          "shrink": 0
        },
        "props": {
          "style": {
            "classes": "Method_Statement/card"
          }
        },
        "type": "ia.container.flex"
      },
      {
        "children": [
          {
            "events": {
              "dom": {
                "onClick": {
                  "config": {
                    "script": "\ttool_name\t\t\t\u003d self.parent.parent.getChild(\"tool_name\").getChild(\"tool_name\").props.text\n\tbrand\t\t\t\t\u003d self.parent.parent.getChild(\"brand\").getChild(\"brand\").props.value\n\tsize\t\t\t\t\u003d self.parent.parent.getChild(\"size\").getChild(\"size\").props.text if self.parent.parent.getChild(\"size\").getChild(\"size\").props.text !\u003d None else \u0027\u0027\n\tquantity\t\t\t\u003d self.parent.parent.getChild(\"quantity\").getChild(\"quantity\").props.value\n\tavailable\t\t\t\u003d quantity\n\t\n\t# if tool name and brand are not empty, add new tool\n\tif (tool_name !\u003d None and brand !\u003d None) \u003d\u003d True:\n\t\tchecked_out\t\t\t\u003d int(0)\n\t\tunder_maintenance\t\u003d int(0) \n\t\tlost\t\t\t\t\u003d int(0)\n\t\t\n\t\tparams\t\u003d {\u0027tool_name\u0027: tool_name, \n\t\t    \u0027brand\u0027: brand, \n\t\t    \u0027size\u0027: size,\n\t\t    \u0027quantity\u0027: quantity, \n\t\t    \u0027available\u0027: available,\n\t\t    \u0027checked_out\u0027: checked_out, \n\t\t    \u0027under_maintenance\u0027: under_maintenance, \n\t\t    \u0027lost\u0027: lost}\n\t\t    \n\t\tnamedQuery\t\u003d \u0027tool_inventory/insert\u0027\n\t\tsystem.db.runNamedQuery(namedQuery, params)\n\t\t\n\t\tself.parent.parent.getChild(\"tool_name\").getChild(\"tool_name\").props.text \u003d \u0027\u0027\n\t\tself.parent.parent.getChild(\"brand\").getChild(\"brand\").props.value \u003d None\n\t\tself.parent.parent.getChild(\"quantity\").getChild(\"quantity\").props.value \u003d 1\n\t\t\n\t\tsystem.perspective.openPopup(\u0027submission_successful\u0027, \u0027Popups/Submission Successful\u0027)\n\telse:\n\t\tsystem.perspective.openPopup(\u0027missing_field\u0027, \u0027Popups/Missing fields\u0027)"
                  },
                  "scope": "G",
                  "type": "script"
                }
              }
            },
            "meta": {
              "name": "Button"
            },
            "position": {
              "basis": "136px"
            },
            "props": {
              "style": {
                "classes": "Method_Statement/button"
              },
              "text": "Add New Tool"
            },
            "type": "ia.input.button"
          }
        ],
        "meta": {
          "name": "FlexContainer_8"
        },
        "position": {
          "basis": "30px",
          "shrink": 0
        },
        "props": {
          "style": {
            "classes": "Method_Statement/card",
            "padding": 0
          }
        },
        "type": "ia.container.flex"
      }
    ],
    "meta": {
      "name": "root"
    },
    "props": {
      "direction": "column",
      "style": {
        "classes": "Page/Page"
      }
    },
    "type": "ia.container.flex"
  }
}