{
  "custom": {},
  "params": {
    "text": ""
  },
  "propConfig": {
    "params.text": {
      "paramDirection": "input",
      "persistent": true
    }
  },
  "props": {
    "defaultSize": {
      "height": 160,
      "width": 415
    }
  },
  "root": {
    "children": [
      {
        "meta": {
          "name": "Image"
        },
        "position": {
          "height": 93,
          "rotate": {
            "anchor": "50% 39%"
          },
          "width": 97,
          "x": 3.9999923706054688,
          "y": 11.959774475097657
        },
        "props": {
          "fit": {
            "mode": "contain"
          },
          "source": "/system/images/Uploaded-images/permission_denied.png"
        },
        "type": "ia.display.image"
      },
      {
        "meta": {
          "name": "Label"
        },
        "position": {
          "height": 31.999999999999996,
          "width": 296,
          "x": 107.96,
          "y": 23.41
        },
        "props": {
          "style": {
            "fontSize": "30px",
            "fontWeight": "bold"
          },
          "text": "Permission Denied!"
        },
        "type": "ia.display.label"
      },
      {
        "meta": {
          "name": "Label_0"
        },
        "position": {
          "height": 32,
          "width": 295,
          "x": 107.88,
          "y": 67.31
        },
        "propConfig": {
          "props.text": {
            "binding": {
              "config": {
                "path": "view.params.text"
              },
              "type": "property"
            }
          }
        },
        "props": {
          "style": {
            "fontSize": "16px"
          }
        },
        "type": "ia.display.label"
      },
      {
        "events": {
          "dom": {
            "onClick": {
              "config": {
                "draggable": true,
                "id": "popup",
                "modal": false,
                "overlayDismiss": false,
                "resizable": true,
                "showCloseIcon": true,
                "type": "close",
                "viewPath": "",
                "viewportBound": false
              },
              "scope": "C",
              "type": "popup"
            }
          }
        },
        "meta": {
          "name": "Button"
        },
        "position": {
          "height": 34,
          "width": 140,
          "x": 229.5,
          "y": 115.698
        },
        "props": {
          "style": {
            "classes": "Method_Statement/button_white"
          },
          "text": "Close"
        },
        "type": "ia.input.button"
      }
    ],
    "meta": {
      "name": "root"
    },
    "type": "ia.container.coord"
  }
}