{
  "custom": {
    "left": 0
  },
  "params": {
    "item": {
      "borrowed_quantity": 1,
      "msti_id": 31,
      "returned_damaged": 0,
      "returned_damaged_reason": "",
      "returned_good_condition": 1,
      "returned_lost": 0,
      "returned_lost_reason": "",
      "tool_name": "Memory Card Reader (S/N 1023912)"
    }
  },
  "propConfig": {
    "custom.left": {
      "binding": {
        "config": {
          "expression": "{view.params.item.borrowed_quantity} - {view.params.item.returned_good_condition} - {view.params.item.returned_damaged} - {view.params.item.returned_lost}"
        },
        "type": "expr"
      },
      "persistent": true
    },
    "params.item": {
      "paramDirection": "input",
      "persistent": true
    }
  },
  "props": {
    "defaultSize": {
      "height": 378,
      "width": 270
    }
  },
  "root": {
    "children": [
      {
        "children": [
          {
            "meta": {
              "name": "TextArea_0"
            },
            "position": {
              "shrink": 0
            },
            "propConfig": {
              "props.text": {
                "binding": {
                  "config": {
                    "path": "view.params.item.tool_name"
                  },
                  "type": "property"
                }
              }
            },
            "props": {
              "style": {
                "classes": "Method_Statement_Mobile/textarea"
              }
            },
            "type": "ia.input.text-area"
          },
          {
            "children": [
              {
                "meta": {
                  "name": "Label"
                },
                "position": {
                  "basis": "32px"
                },
                "props": {
                  "style": {
                    "classes": "Method_Statement_Mobile/label",
                    "color": "grey",
                    "textAlign": "center"
                  },
                  "text": "Total"
                },
                "type": "ia.display.label"
              },
              {
                "meta": {
                  "name": "total"
                },
                "position": {
                  "basis": "20px",
                  "shrink": 0
                },
                "propConfig": {
                  "props.text": {
                    "binding": {
                      "config": {
                        "expression": " tostr({view.params.item.borrowed_quantity})"
                      },
                      "type": "expr"
                    }
                  }
                },
                "props": {
                  "style": {
                    "classes": "Method_Statement_Mobile/label",
                    "color": "grey",
                    "textAlign": "center"
                  }
                },
                "type": "ia.display.label"
              }
            ],
            "meta": {
              "name": "total"
            },
            "position": {
              "shrink": 0
            },
            "props": {
              "style": {
                "backgroundColor": "white"
              }
            },
            "type": "ia.container.flex"
          },
          {
            "children": [
              {
                "meta": {
                  "name": "Label"
                },
                "position": {
                  "basis": "32px",
                  "shrink": 0
                },
                "props": {
                  "style": {
                    "classes": "Method_Statement_Mobile/label"
                  },
                  "text": "Good Condition"
                },
                "type": "ia.display.label"
              },
              {
                "meta": {
                  "name": "NumericEntryField"
                },
                "position": {
                  "basis": "20px",
                  "shrink": 0
                },
                "propConfig": {
                  "props.inputBounds.maximum": {
                    "binding": {
                      "config": {
                        "path": "view.custom.left"
                      },
                      "type": "property"
                    }
                  },
                  "props.value": {
                    "binding": {
                      "config": {
                        "bidirectional": true,
                        "path": "view.params.item.returned_good_condition"
                      },
                      "type": "property"
                    }
                  }
                },
                "props": {
                  "inputBounds": {
                    "minimum": 0
                  },
                  "style": {
                    "classes": "Method_Statement_Mobile/label"
                  }
                },
                "type": "ia.input.numeric-entry-field"
              }
            ],
            "meta": {
              "name": "good_condition"
            },
            "position": {
              "shrink": 0
            },
            "props": {
              "direction": "column",
              "style": {
                "backgroundColor": "white",
                "paddingLeft": 10,
                "paddingRight": 10
              }
            },
            "type": "ia.container.flex"
          },
          {
            "children": [
              {
                "meta": {
                  "name": "Label"
                },
                "position": {
                  "basis": "32px",
                  "shrink": 0
                },
                "props": {
                  "style": {
                    "classes": "Method_Statement_Mobile/label"
                  },
                  "text": "Damaged"
                },
                "type": "ia.display.label"
              },
              {
                "meta": {
                  "name": "NumericEntryField"
                },
                "position": {
                  "basis": "20px",
                  "shrink": 0
                },
                "propConfig": {
                  "props.inputBounds.maximum": {
                    "binding": {
                      "config": {
                        "path": "view.custom.left"
                      },
                      "type": "property"
                    }
                  },
                  "props.value": {
                    "binding": {
                      "config": {
                        "bidirectional": true,
                        "path": "view.params.item.returned_damaged"
                      },
                      "type": "property"
                    }
                  }
                },
                "props": {
                  "inputBounds": {
                    "minimum": 0
                  },
                  "style": {
                    "classes": "Method_Statement_Mobile/label"
                  }
                },
                "type": "ia.input.numeric-entry-field"
              },
              {
                "meta": {
                  "name": "TextArea"
                },
                "position": {
                  "shrink": 0
                },
                "propConfig": {
                  "props.text": {
                    "binding": {
                      "config": {
                        "bidirectional": true,
                        "path": "view.params.item.returned_damaged_reason"
                      },
                      "type": "property"
                    }
                  }
                },
                "props": {
                  "placeholder": "Explaination",
                  "style": {
                    "backgroundColor": "white",
                    "classes": "Method_Statement_Mobile/label",
                    "marginBottom": 5,
                    "marginTop": 5
                  }
                },
                "type": "ia.input.text-area"
              }
            ],
            "meta": {
              "name": "damaged_condition"
            },
            "position": {
              "shrink": 0
            },
            "props": {
              "direction": "column",
              "style": {
                "backgroundColor": "white",
                "paddingLeft": 10,
                "paddingRight": 10
              }
            },
            "type": "ia.container.flex"
          },
          {
            "children": [
              {
                "meta": {
                  "name": "Label"
                },
                "position": {
                  "basis": "32px",
                  "shrink": 0
                },
                "props": {
                  "style": {
                    "classes": "Method_Statement_Mobile/label"
                  },
                  "text": "Lost"
                },
                "type": "ia.display.label"
              },
              {
                "meta": {
                  "name": "NumericEntryField"
                },
                "position": {
                  "basis": "20px",
                  "shrink": 0
                },
                "propConfig": {
                  "props.inputBounds.maximum": {
                    "binding": {
                      "config": {
                        "path": "view.custom.left"
                      },
                      "type": "property"
                    }
                  },
                  "props.value": {
                    "binding": {
                      "config": {
                        "bidirectional": true,
                        "path": "view.params.item.returned_lost"
                      },
                      "type": "property"
                    }
                  }
                },
                "props": {
                  "inputBounds": {
                    "minimum": 0
                  },
                  "style": {
                    "classes": "Method_Statement_Mobile/label"
                  }
                },
                "type": "ia.input.numeric-entry-field"
              },
              {
                "meta": {
                  "name": "TextArea"
                },
                "position": {
                  "shrink": 0
                },
                "propConfig": {
                  "props.text": {
                    "binding": {
                      "config": {
                        "bidirectional": true,
                        "path": "view.params.item.returned_lost_reason"
                      },
                      "type": "property"
                    }
                  }
                },
                "props": {
                  "placeholder": "Explaination",
                  "style": {
                    "backgroundColor": "white",
                    "classes": "Method_Statement_Mobile/label",
                    "marginBottom": 5,
                    "marginTop": 5
                  }
                },
                "type": "ia.input.text-area"
              }
            ],
            "meta": {
              "name": "lost_condition"
            },
            "position": {
              "shrink": 0
            },
            "props": {
              "direction": "column",
              "style": {
                "backgroundColor": "white",
                "paddingLeft": 10,
                "paddingRight": 10
              }
            },
            "type": "ia.container.flex"
          },
          {
            "children": [
              {
                "custom": {
                  "key": {
                    "$": [
                      "ts",
                      192,
                      1762485781442
                    ],
                    "$ts": 1762485781442
                  }
                },
                "events": {
                  "dom": {
                    "onClick": {
                      "config": {
                        "script": "\t\n\treturned_good_condition\t\t\u003d self.parent.parent.getChild(\"good_condition\").getChild(\"NumericEntryField\").props.value\n\treturned_damaged\t\t\t\u003d self.parent.parent.getChild(\"damaged_condition\").getChild(\"NumericEntryField\").props.value\n\treturned_damaged_reason\t\t\u003d self.parent.parent.getChild(\"damaged_condition\").getChild(\"TextArea\").props.text\n\treturned_lost\t\t\t\t\u003d self.parent.parent.getChild(\"lost_condition\").getChild(\"NumericEntryField\").props.value\n\tmsti_id\t\t\t\t\t\t\u003d self.view.params.item.msti_id\n\treturned_lost_reason\t\t\u003d self.parent.parent.getChild(\"lost_condition\").getChild(\"TextArea\").props.text\n\t\n\tpath\t\u003d \u0027method_statement_tool_inventory/update\u0027\n\tparams \t\u003d {\u0027returned_good_condition\u0027 :returned_good_condition, \u0027returned_damaged\u0027 :returned_damaged, \u0027returned_damaged_reason\u0027 :returned_damaged_reason, \u0027returned_lost\u0027 :returned_lost, \u0027returned_lost_reason\u0027: returned_lost_reason, \u0027msti_id\u0027 :msti_id}\n\tsystem.db.runNamedQuery(path, params)\n\tself.custom.key \u003d system.date.now()\n\tsystem.perspective.openPopup(\u0027submission_successful\u0027, \u0027Popups Mobile/Submission Successful\u0027, position\u003d{\n\t\t\t\t\t\t        \"type\": \"mouse\"  # makes the popup appear at the mouse location\n\t\t\t\t\t\t    })"
                      },
                      "scope": "G",
                      "type": "script"
                    }
                  }
                },
                "meta": {
                  "name": "Button",
                  "tooltip": {
                    "text": "click to remove selected tools"
                  }
                },
                "position": {
                  "basis": "24px",
                  "shrink": 0
                },
                "props": {
                  "style": {
                    "classes": "Method_Statement/control_button Method_Statement_Mobile/label",
                    "marginTop": 5
                  },
                  "text": "Update Tool Return Status"
                },
                "type": "ia.input.button"
              }
            ],
            "meta": {
              "name": "FlexContainer_0"
            },
            "position": {
              "shrink": 0
            },
            "props": {
              "direction": "column",
              "style": {
                "backgroundColor": "white",
                "paddingLeft": 10,
                "paddingRight": 10
              }
            },
            "type": "ia.container.flex"
          }
        ],
        "meta": {
          "name": "FlexContainer"
        },
        "position": {
          "grow": 1,
          "shrink": 0
        },
        "props": {
          "direction": "column"
        },
        "type": "ia.container.flex"
      }
    ],
    "events": {
      "dom": {
        "onClick": {
          "config": {
            "script": "\tselected\t\u003d self.view.params.selected\n\t\n\tif selected \u003d\u003d True:\n\t\tself.view.params.selected \u003d False\n\telse:\n\t\tself.view.params.selected \u003d True"
          },
          "enabled": false,
          "scope": "G",
          "type": "script"
        }
      }
    },
    "meta": {
      "name": "root"
    },
    "propConfig": {
      "props.style.classes": {
        "binding": {
          "config": {
            "path": "view.params.selected"
          },
          "transforms": [
            {
              "code": "\tif value \u003d\u003d True:\n\t\treturn \u0027Method_Statement/highlight_selected_item\u0027\n\telse:\n\t\treturn \u0027\u0027",
              "type": "script"
            }
          ],
          "type": "property"
        }
      }
    },
    "props": {
      "direction": "column",
      "style": {
        "borderBottomColor": "lightgrey",
        "borderBottomLeftRadius": 5,
        "borderBottomRightRadius": 5,
        "borderBottomStyle": "solid",
        "borderBottomWidth": 1,
        "borderTopLeftRadius": 5,
        "borderTopRightRadius": 5,
        "cursor": "pointer",
        "marginBottom": 2,
        "marginTop": 2,
        "overflow": "visible",
        "padding": 2
      }
    },
    "type": "ia.container.flex"
  }
}