{
  "custom": {},
  "params": {},
  "propConfig": {
    "params.feature": {
      "paramDirection": "input"
    },
    "params.key": {
      "paramDirection": "input"
    },
    "params.tier1": {
      "paramDirection": "input"
    },
    "params.tier2": {
      "paramDirection": "input"
    }
  },
  "props": {},
  "root": {
    "children": [
      {
        "children": [
          {
            "meta": {
              "name": "Label"
            },
            "position": {
              "basis": "324px"
            },
            "props": {
              "style": {
                "classes": "Dashboard/title"
              },
              "text": "Method Statements Created by Me"
            },
            "type": "ia.display.label"
          }
        ],
        "meta": {
          "name": "FlexContainer"
        },
        "position": {
          "basis": "60px"
        },
        "type": "ia.container.flex"
      },
      {
        "meta": {
          "name": "FlexRepeater"
        },
        "position": {
          "basis": "25%"
        },
        "props": {
          "instances": [
            {
              "instancePosition": {},
              "instanceStyle": {
                "classes": ""
              },
              "label": "Total",
              "num": 10
            },
            {
              "instancePosition": {},
              "instanceStyle": {
                "classes": ""
              },
              "label": "Approved",
              "num": 5
            },
            {
              "instancePosition": {},
              "instanceStyle": {
                "classes": ""
              },
              "label": "Rejected",
              "num": 2
            },
            {
              "instancePosition": {},
              "instanceStyle": {
                "classes": ""
              },
              "label": "Pending",
              "num": 3
            }
          ],
          "path": "Templates/Dashboard/card",
          "useDefaultViewHeight": false,
          "useDefaultViewWidth": false
        },
        "type": "ia.display.flex-repeater"
      },
      {
        "children": [
          {
            "meta": {
              "name": "Label"
            },
            "props": {
              "style": {
                "classes": "Dashboard/title"
              },
              "text": "Method Statements I\u0027m Assigned To"
            },
            "type": "ia.display.label"
          }
        ],
        "meta": {
          "name": "FlexContainer_0"
        },
        "position": {
          "basis": "60px"
        },
        "type": "ia.container.flex"
      },
      {
        "meta": {
          "name": "FlexRepeater_0"
        },
        "position": {
          "basis": "25%"
        },
        "props": {
          "instances": [
            {
              "instancePosition": {},
              "instanceStyle": {
                "classes": ""
              },
              "label": "Total",
              "num": 5
            },
            {
              "instancePosition": {},
              "instanceStyle": {
                "classes": ""
              },
              "label": "Active",
              "num": 1
            },
            {
              "instancePosition": {},
              "instanceStyle": {
                "classes": ""
              },
              "label": "Completed",
              "num": 3
            },
            {
              "instancePosition": {},
              "instanceStyle": {
                "classes": ""
              },
              "label": "Signiture Required",
              "num": 1
            }
          ],
          "path": "Templates/Dashboard/card",
          "useDefaultViewHeight": false,
          "useDefaultViewWidth": false
        },
        "type": "ia.display.flex-repeater"
      },
      {
        "meta": {
          "name": "TimeSeriesChart_0"
        },
        "position": {
          "basis": "400px"
        },
        "props": {
          "defaultStyles": {
            "colorScheme": "Paired",
            "colors": [
              "#678FBD",
              "#C0D4E4"
            ]
          },
          "plots": [
            {
              "axes": [],
              "markers": [],
              "relativeWeight": 1,
              "trends": [
                {
                  "axis": "",
                  "baselines": [],
                  "breakLine": true,
                  "columns": [],
                  "interpolation": "curveLinear",
                  "radius": 2,
                  "series": "Boiler",
                  "stack": true,
                  "type": "bar",
                  "visible": true
                }
              ]
            }
          ],
          "series": [
            {
              "data": [
                {
                  "Pressure": 12,
                  "Temperature": 52,
                  "time": 1560469431423
                },
                {
                  "Pressure": 42,
                  "Temperature": 18,
                  "time": 1560469432423
                },
                {
                  "Pressure": 81,
                  "Temperature": 26,
                  "time": 1560469433423
                },
                {
                  "Pressure": 11,
                  "Temperature": 63,
                  "time": 1560469434423
                },
                {
                  "Pressure": 23,
                  "Temperature": 65,
                  "time": 1560469435423
                },
                {
                  "Pressure": 43,
                  "Temperature": 12,
                  "time": 1560469436423
                },
                {
                  "Pressure": 71,
                  "Temperature": 61,
                  "time": 1560469437423
                },
                {
                  "Pressure": 89,
                  "Temperature": 60,
                  "time": 1560469438423
                },
                {
                  "Pressure": 66,
                  "Temperature": 58,
                  "time": 1560469439423
                },
                {
                  "Pressure": 33,
                  "Temperature": 1,
                  "time": 1560469440423
                }
              ],
              "name": "Boiler"
            }
          ],
          "title": {
            "height": 30,
            "text": "Method Statements Open vs Closed",
            "visible": true
          }
        },
        "type": "ia.chart.timeseries"
      }
    ],
    "meta": {
      "name": "root"
    },
    "props": {
      "direction": "column",
      "style": {
        "classes": "Page/Page"
      }
    },
    "type": "ia.container.flex"
  }
}