{
  "custom": {},
  "params": {
    "breakpointLarge": 768,
    "breakpointMedium": 500,
    "params": {},
    "path": "Header/Header"
  },
  "propConfig": {
    "params.breakpointLarge": {
      "paramDirection": "input",
      "persistent": true
    },
    "params.breakpointMedium": {
      "paramDirection": "input",
      "persistent": true
    },
    "params.params": {
      "paramDirection": "input",
      "persistent": true
    },
    "params.path": {
      "paramDirection": "input",
      "persistent": true
    }
  },
  "props": {
    "defaultSize": {
      "height": 58,
      "width": 818
    }
  },
  "root": {
    "children": [
      {
        "meta": {
          "name": "Large"
        },
        "position": {
          "size": "large"
        },
        "props": {
          "params": {
            "params": {},
            "size": "large"
          },
          "path": "Header/Header"
        },
        "type": "ia.display.view"
      },
      {
        "meta": {
          "name": "Small"
        },
        "props": {
          "path": "Header/Header Mobile"
        },
        "type": "ia.display.view"
      }
    ],
    "meta": {
      "name": "root"
    },
    "props": {
      "breakpoint": 500
    },
    "type": "ia.container.breakpt"
  }
}