{
  "custom": {
    "all_open_tools": {
      "$": [
        "ds",
        192,
        1762980076353
      ],
      "$columns": [
        {
          "data": [
            39,
            40,
            41,
            42,
            43,
            44
          ],
          "name": "msti_id",
          "type": "Long"
        },
        {
          "data": [
            3,
            1,
            3,
            1,
            1,
            4
          ],
          "name": "borrowed_quantity",
          "type": "Long"
        },
        {
          "data": [
            0,
            0,
            0,
            0,
            0,
            0
          ],
          "name": "returned_good_condition",
          "type": "Long"
        },
        {
          "data": [
            0,
            0,
            0,
            0,
            0,
            0
          ],
          "name": "returned_damaged",
          "type": "Long"
        },
        {
          "data": [
            0,
            0,
            0,
            0,
            0,
            0
          ],
          "name": "returned_lost",
          "type": "Long"
        },
        {
          "data": [
            "Screw Drivers",
            "Side Cutter",
            "Cable Crimper",
            "DT-830D Digital Multimeter",
            "2D Vision Sensor (02D500)",
            "Camera (SV-0614H)"
          ],
          "name": "tool_name",
          "type": "String"
        },
        {
          "data": [
            null,
            null,
            null,
            null,
            null,
            null
          ],
          "name": "returned_damaged_reason",
          "type": "String"
        },
        {
          "data": [
            null,
            null,
            null,
            null,
            null,
            null
          ],
          "name": "returned_lost_reason",
          "type": "String"
        },
        {
          "data": [
            1762923835000,
            1762923835000,
            1762923835000,
            1762923835000,
            1762976805000,
            1762976805000
          ],
          "name": "time_stamp",
          "type": "Date"
        },
        {
          "data": [
            26,
            26,
            26,
            26,
            27,
            27
          ],
          "name": "statement_id",
          "type": "Long"
        },
        {
          "data": [
            274,
            275,
            276,
            277,
            221,
            171
          ],
          "name": "tool_id",
          "type": "Long"
        },
        {
          "data": [
            "hala",
            "hala",
            "hala",
            "hala",
            "hala",
            "hala"
          ],
          "name": "user_username",
          "type": "String"
        },
        {
          "data": [
            "Hala",
            "Hala",
            "Hala",
            "Hala",
            "Hala",
            "Hala"
          ],
          "name": "user_name",
          "type": "String"
        },
        {
          "data": [
            "Mzobe",
            "Mzobe",
            "Mzobe",
            "Mzobe",
            "Mzobe",
            "Mzobe"
          ],
          "name": "user_surname",
          "type": "String"
        },
        {
          "data": [
            0,
            0,
            0,
            0,
            0,
            0
          ],
          "name": "tool_supervisor_status",
          "type": "Long"
        },
        {
          "data": [
            "",
            "",
            "",
            "",
            "",
            ""
          ],
          "name": "tool_supervisor_comment",
          "type": "String"
        }
      ]
    },
    "key": [
      "msti_id",
      "borrowed_quantity",
      "returned_good_condition",
      "returned_damaged",
      "returned_lost",
      "tool_name",
      "returned_damaged_reason",
      "returned_lost_reason",
      "time_stamp",
      "statement_id",
      "tool_id",
      "user_username",
      "user_name",
      "user_surname",
      "tool_supervisor_status",
      "tool_supervisor_comment"
    ]
  },
  "params": {},
  "propConfig": {
    "custom.all_open_tools": {
      "binding": {
        "config": {
          "queryPath": "method_statement_tool_inventory/select all open"
        },
        "type": "query"
      },
      "persistent": true
    },
    "custom.key": {
      "persistent": true
    }
  },
  "props": {
    "defaultSize": {
      "height": 609,
      "width": 897
    }
  },
  "root": {
    "children": [
      {
        "meta": {
          "name": "spacer_1"
        },
        "position": {
          "basis": "10px",
          "shrink": 0
        },
        "type": "ia.display.label"
      },
      {
        "meta": {
          "name": "spacer_0"
        },
        "position": {
          "basis": "10px",
          "shrink": 0
        },
        "type": "ia.display.label"
      },
      {
        "children": [
          {
            "meta": {
              "name": "Label"
            },
            "position": {
              "basis": "300px"
            },
            "props": {
              "style": {
                "classes": "Method_Statement/label",
                "fontWeight": "bold"
              },
              "text": "Method Statement*"
            },
            "type": "ia.display.label"
          },
          {
            "events": {
              "system": {
                "onStartup": {
                  "config": {
                    "script": "\tself.props.value \u003d None"
                  },
                  "scope": "G",
                  "type": "script"
                }
              }
            },
            "meta": {
              "name": "statement_id"
            },
            "position": {
              "basis": "204px"
            },
            "propConfig": {
              "props.options": {
                "binding": {
                  "config": {
                    "queryPath": "method_statement_tool_inventory/select all open statement ids"
                  },
                  "transforms": [
                    {
                      "code": "\tdata \t\u003d []\n\tfor i in range(value.getRowCount()):\n\t\tstatement_id \u003d value.getValueAt(i, \u0027statement_id\u0027)\n\t\tdata.append({\u0027label\u0027: statement_id, \u0027value\u0027: statement_id})\n\treturn data",
                      "type": "script"
                    }
                  ],
                  "type": "query"
                }
              }
            },
            "props": {
              "allowCustomOptions": true,
              "placeholder": {
                "text": "Select Method Statement"
              },
              "showClearIcon": true,
              "value": null
            },
            "type": "ia.input.dropdown"
          }
        ],
        "meta": {
          "name": "statement_id"
        },
        "position": {
          "basis": "30px",
          "shrink": 0
        },
        "props": {
          "style": {
            "classes": "Method_Statement/card"
          }
        },
        "type": "ia.container.flex"
      },
      {
        "children": [
          {
            "meta": {
              "name": "Label"
            },
            "position": {
              "basis": "300px"
            },
            "props": {
              "style": {
                "classes": "Method_Statement/label",
                "fontWeight": "bold"
              },
              "text": "Tool Name*"
            },
            "type": "ia.display.label"
          },
          {
            "events": {
              "system": {
                "onStartup": {
                  "config": {
                    "script": "\tself.props.value \u003d None"
                  },
                  "scope": "G",
                  "type": "script"
                }
              }
            },
            "meta": {
              "name": "tool_name"
            },
            "position": {
              "basis": "204px"
            },
            "propConfig": {
              "props.options": {
                "binding": {
                  "config": {
                    "parameters": {
                      "statement_id": "{.../statement_id/statement_id.props.value}"
                    },
                    "queryPath": "method_statement_tool_inventory/select by statement id"
                  },
                  "transforms": [
                    {
                      "code": "\tdata\t\u003d []\n\tfor i in range(value.getRowCount()):\n\t\tname\t\u003d value.getValueAt(i, \u0027tool_name\u0027)\n\t\tmsti_id\t\u003d value.getValueAt(i, \u0027msti_id\u0027)\n\t\tdata.append({\u0027label\u0027: name, \u0027value\u0027: msti_id})\n\treturn data",
                      "type": "script"
                    }
                  ],
                  "type": "query"
                }
              }
            },
            "props": {
              "allowCustomOptions": true,
              "placeholder": {
                "text": "Select Tool Name"
              },
              "showClearIcon": true,
              "value": null
            },
            "type": "ia.input.dropdown"
          }
        ],
        "meta": {
          "name": "tool_name"
        },
        "position": {
          "basis": "30px",
          "shrink": 0
        },
        "props": {
          "style": {
            "classes": "Method_Statement/card"
          }
        },
        "type": "ia.container.flex"
      },
      {
        "meta": {
          "name": "EmbeddedView"
        },
        "position": {
          "basis": "150px"
        },
        "propConfig": {
          "props.params": {
            "binding": {
              "config": {
                "parameters": {
                  "msti_id": "{../tool_name/tool_name.props.value}"
                },
                "queryPath": "method_statement_tool_inventory/select by id"
              },
              "transforms": [
                {
                  "code": "\n\tdataset\t\u003d value\n\ti \u003d 0\n\tif i !\u003d None and dataset !\u003d None and dataset.getRowCount() \u003e 0:\n\t\treturn ({\u0027item\u0027: \n\t\t{\n\t\t  \"borrowed_quantity\": dataset.getValueAt(i, \u0027borrowed_quantity\u0027),\n\t\t  \"msti_id\": dataset.getValueAt(i, \u0027msti_id\u0027),\n\t\t  \"returned_damaged\": dataset.getValueAt(i, \u0027returned_damaged\u0027),\n\t\t  \"returned_damaged_reason\": dataset.getValueAt(i, \u0027returned_damaged_reason\u0027) if dataset.getValueAt(i, \u0027returned_damaged_reason\u0027) !\u003d None else \u0027\u0027,\n\t\t  \"returned_good_condition\": dataset.getValueAt(i, \u0027returned_good_condition\u0027),\n\t\t  \"returned_lost\": dataset.getValueAt(i, \u0027returned_lost\u0027),\n\t\t  \"returned_lost_reason\": dataset.getValueAt(i, \u0027returned_lost_reason\u0027) if dataset.getValueAt(i, \u0027returned_lost_reason\u0027) !\u003d None else \u0027\u0027,\n\t\t  \"tool_name\": dataset.getValueAt(i, \u0027tool_name\u0027),\n\t\t}})\n\telse:\n\t\treturn None",
                  "type": "script"
                }
              ],
              "type": "query"
            }
          }
        },
        "props": {
          "path": "Templates/Tool Inventory/tool list item",
          "style": {
            "borderBottomLeftRadius": 5,
            "borderBottomRightRadius": 5,
            "borderTopLeftRadius": 5,
            "borderTopRightRadius": 5
          }
        },
        "type": "ia.display.view"
      },
      {
        "children": [
          {
            "meta": {
              "name": "Label_1"
            },
            "position": {
              "basis": "80px"
            },
            "props": {
              "alignVertical": "bottom",
              "text": "Please select decision*"
            },
            "type": "ia.display.label"
          },
          {
            "meta": {
              "name": "decision"
            },
            "props": {
              "radios": [
                {
                  "selected": true,
                  "text": "Approve",
                  "value": "Radio button"
                },
                {
                  "selected": false,
                  "text": "Reject",
                  "value": "Radio button"
                }
              ]
            },
            "type": "ia.input.radio-group"
          },
          {
            "meta": {
              "name": "Label_0"
            },
            "props": {
              "alignVertical": "bottom",
              "text": "Please state reason if activity method statement is rejected."
            },
            "type": "ia.display.label"
          },
          {
            "events": {
              "system": {
                "onStartup": {
                  "config": {
                    "script": "\tself.props.text \u003d \u0027\u0027"
                  },
                  "scope": "G",
                  "type": "script"
                }
              }
            },
            "meta": {
              "name": "reason"
            },
            "position": {
              "basis": "108px"
            },
            "type": "ia.input.text-area"
          }
        ],
        "meta": {
          "name": "status"
        },
        "position": {
          "basis": "252px"
        },
        "props": {
          "direction": "column"
        },
        "type": "ia.container.flex"
      },
      {
        "children": [
          {
            "events": {
              "dom": {
                "onClick": {
                  "config": {
                    "script": "\taccept \t\t\t\u003d self.parent.parent.getChild(\"status\").getChild(\"decision\").props.radios[0].selected\n\treject \t\t\t\u003d self.parent.parent.getChild(\"status\").getChild(\"decision\").props.radios[1].selected\n\tcomment \t\t\u003d self.parent.parent.getChild(\"status\").getChild(\"reason\").props.text\n\tstatement_id\t\u003d self.parent.parent.getChild(\"statement_id\").getChild(\"statement_id\").props.value\n\tmsti_id\t\t\t\u003d self.parent.parent.getChild(\"tool_name\").getChild(\"tool_name\").props.value\n\t\n\tuser_username\t\u003d self.session.props.auth.user.userName\n\tuser_name\t\t\u003d self.session.props.auth.user.firstName\n\tuser_surname\t\u003d self.session.props.auth.user.lastName\n\t\n\tif msti_id \u003d\u003d None:\n\t\tsystem.perspective.openPopup(\u0027missing_field\u0027, \u0027Popups/Missing fields - Message\u0027, params \u003d {\u0027text\u0027: \u0027Please select tool\u0027})\n\telif reject \u003d\u003d True and comment \u003d\u003d \u0027\u0027:\n\t\tsystem.perspective.openPopup(\u0027missing_field\u0027, \u0027Popups/Missing fields - Message\u0027, params \u003d {\u0027text\u0027: \u0027Please fill in reason\u0027})\n\telse:\n\t\tif accept \u003d\u003d True:\n\t\t\tstatus\t\u003d 1 \n\t\telse:\n\t\t\tstatus \u003d 2\n\t\tparams \u003d {\u0027msti_id\u0027: msti_id, \u0027tool_supervisor_status\u0027: status, \u0027tool_supervisor_comment\u0027:comment, \u0027user_username\u0027: user_username, \u0027user_name\u0027: user_name,  \u0027user_surname\u0027: user_surname}\n\t\t\n\t\tnamedQuery \u003d \u0027method_statement_tool_inventory/tool supervisor confirmation\u0027\n\t\t\n\t\tsystem.db.runNamedQuery(namedQuery, params)\n\t\tself.view.refreshBinding(\u0027custom.all_open_tools\u0027)\n\t\tself.parent.parent.getChild(\"statement_id\").getChild(\"statement_id\").props.value \u003d None\n\t\tself.parent.parent.getChild(\"EmbeddedView\").refreshBinding(\u0027props.params\u0027)\n\t\tsystem.perspective.openPopup(\u0027submission_successful\u0027, \u0027Popups/Submission Successful\u0027)"
                  },
                  "scope": "G",
                  "type": "script"
                }
              }
            },
            "meta": {
              "name": "Button"
            },
            "position": {
              "basis": "167px"
            },
            "props": {
              "style": {
                "classes": "Method_Statement/button"
              },
              "text": "Confirm Tool Status"
            },
            "type": "ia.input.button"
          }
        ],
        "meta": {
          "name": "FlexContainer_8"
        },
        "position": {
          "basis": "30px",
          "shrink": 0
        },
        "props": {
          "style": {
            "classes": "Method_Statement/card",
            "padding": 0
          }
        },
        "type": "ia.container.flex"
      }
    ],
    "meta": {
      "name": "root"
    },
    "props": {
      "direction": "column",
      "style": {
        "classes": "Page/Page",
        "padding": 5
      }
    },
    "type": "ia.container.flex"
  }
}