{
  "custom": {},
  "params": {},
  "props": {
    "defaultSize": {
      "width": 260
    }
  },
  "root": {
    "children": [
      {
        "meta": {
          "name": "Label"
        },
        "position": {
          "basis": "32px"
        },
        "type": "ia.display.label"
      },
      {
        "meta": {
          "name": "Image"
        },
        "position": {
          "basis": "150px"
        },
        "props": {
          "fit": {
            "mode": "contain"
          },
          "source": "/system/images/Logos/mzukulu_technologies_logo.png"
        },
        "type": "ia.display.image"
      },
      {
        "meta": {
          "name": "spacer"
        },
        "position": {
          "basis": "58px",
          "shrink": 0
        },
        "type": "ia.display.label"
      },
      {
        "meta": {
          "name": "Features"
        },
        "position": {
          "grow": 1,
          "shrink": 0
        },
        "propConfig": {
          "custom.page": {
            "binding": {
              "config": {
                "path": "page.props.path"
              },
              "transforms": [
                {
                  "code": "\tmenu \t\u003d self.props.items\n\tfor i in range(len(menu)):\n\t\tif self.props.items[i].target \u003d\u003d value:\n\t\t\tself.props.items[i].style.fontWeight \u003d \u0027bold\u0027\n\t\telse:\n\t\t\tself.props.items[i].style.fontWeight \u003d \u0027normal\u0027\n\treturn value",
                  "type": "script"
                }
              ],
              "type": "property"
            }
          }
        },
        "props": {
          "backActionStyle": {
            "classes": "Menu/All_Header"
          },
          "backActionText": "All Features",
          "itemStyle": {
            "classes": "Menu/Item"
          },
          "items": [
            {
              "items": [],
              "label": {
                "icon": {
                  "path": ""
                },
                "text": "Dashboard"
              },
              "navIcon": {},
              "showHeader": false,
              "style": {
                "classes": "",
                "fontWeight": "bold"
              },
              "target": "/dashboard"
            },
            {
              "items": [],
              "label": {
                "icon": {
                  "path": ""
                },
                "text": "New Method Statement"
              },
              "navIcon": {},
              "showHeader": false,
              "style": {
                "classes": "",
                "fontWeight": "normal"
              },
              "target": "/new-method-statement"
            },
            {
              "items": [],
              "label": {
                "icon": {
                  "path": ""
                },
                "text": "Method Statement List"
              },
              "navIcon": {},
              "showHeader": false,
              "style": {
                "classes": "",
                "fontWeight": "normal"
              },
              "target": "/method-statement-list"
            },
            {
              "items": [],
              "label": {
                "icon": {
                  "path": ""
                },
                "text": "Tools Inventory"
              },
              "navIcon": {},
              "showHeader": false,
              "style": {
                "classes": "",
                "fontWeight": "normal"
              },
              "target": "/tool-inventory"
            },
            {
              "items": [],
              "label": {
                "icon": {
                  "path": ""
                },
                "text": "User Management"
              },
              "navIcon": {},
              "showHeader": false,
              "style": {
                "classes": "",
                "fontWeight": "normal"
              },
              "target": "/user-management"
            },
            {
              "items": [],
              "label": {
                "icon": {
                  "path": ""
                },
                "text": "Help/FAQ"
              },
              "navIcon": {},
              "showHeader": false,
              "style": {
                "classes": "",
                "fontWeight": "normal"
              },
              "target": "/help\u0026faq"
            },
            {
              "items": [],
              "label": {
                "icon": {
                  "path": ""
                },
                "text": "Feedback \u0026 Support"
              },
              "navIcon": {},
              "showHeader": false,
              "style": {
                "classes": "",
                "fontWeight": "normal"
              },
              "target": "/feedback-and-support"
            }
          ],
          "style": {
            "classes": "Menu/Menu"
          }
        },
        "type": "ia.navigation.menutree"
      },
      {
        "children": [
          {
            "meta": {
              "name": "Dropdown"
            },
            "position": {
              "basis": "150px",
              "grow": 1,
              "shrink": 0
            },
            "propConfig": {
              "props.value": {
                "binding": {
                  "config": {
                    "bidirectional": true,
                    "path": "session.props.theme"
                  },
                  "type": "property"
                }
              }
            },
            "props": {
              "options": [
                {
                  "label": "light-cool",
                  "value": "light-cool"
                },
                {
                  "label": "dark-cool",
                  "value": "dark-cool"
                }
              ],
              "search": {
                "enabled": false
              },
              "style": {
                "classes": "Header/DropDown",
                "textAlign": "left"
              }
            },
            "type": "ia.input.dropdown"
          },
          {
            "meta": {
              "name": "Dropdown_0"
            },
            "position": {
              "basis": "150px",
              "display": false,
              "grow": 1,
              "shrink": 0
            },
            "propConfig": {
              "props.value": {
                "binding": {
                  "config": {
                    "bidirectional": true,
                    "path": "session.props.theme"
                  },
                  "type": "property"
                }
              }
            },
            "props": {
              "options": [
                {
                  "label": "light",
                  "value": "light"
                },
                {
                  "label": "light-cool",
                  "value": "light-cool"
                },
                {
                  "label": "light-warm",
                  "value": "light-warm"
                },
                {
                  "label": "dark",
                  "value": "dark"
                },
                {
                  "label": "dark-cool",
                  "value": "dark-cool"
                },
                {
                  "label": "dark-warm",
                  "value": "dark-warm"
                }
              ],
              "search": {
                "enabled": false
              },
              "style": {
                "classes": "Header/DropDown",
                "textAlign": "left"
              }
            },
            "type": "ia.input.dropdown"
          }
        ],
        "meta": {
          "name": "FlexContainer"
        },
        "position": {
          "basis": "58px",
          "shrink": 0
        },
        "props": {
          "justify": "center"
        },
        "type": "ia.container.flex"
      },
      {
        "meta": {
          "name": "Label_0"
        },
        "position": {
          "basis": "15px",
          "shrink": 0
        },
        "props": {
          "style": {
            "fontSize": 8,
            "textAlign": "center"
          },
          "text": "© 2025 Inferno Squad"
        },
        "type": "ia.display.label"
      }
    ],
    "meta": {
      "name": "root"
    },
    "props": {
      "direction": "column",
      "style": {
        "classes": "Menu/Menu"
      }
    },
    "type": "ia.container.flex"
  }
}