{
  "custom": {
    "method_statement": {
      "activity_location_id": 11,
      "end_date": {
        "$": [
          "ts",
          192,
          1762978225971
        ],
        "$ts": 1762992000000
      },
      "initiator_name": "Hala",
      "initiator_surname": "Mzobe",
      "initiator_username": "hala",
      "location_name": "Mixing Plant",
      "site_name": "SAFRIPOL",
      "start_date": {
        "$": [
          "ts",
          192,
          1762978225971
        ],
        "$ts": 1762905600000
      },
      "statement_id": 26,
      "time_stamp": {
        "$": [
          "ts",
          192,
          1762978225971
        ],
        "$ts": 1762923835000
      },
      "work_activity": "Mounting of the Server box."
    },
    "ppe": {
      "$": [
        "ds",
        192,
        1762978225968
      ],
      "$columns": [
        {
          "data": [
            60,
            61,
            62,
            63,
            64,
            65,
            66
          ],
          "name": "mspi_id",
          "type": "Long"
        },
        {
          "data": [
            1762923835000,
            1762923835000,
            1762923835000,
            1762923835000,
            1762923835000,
            1762923835000,
            1762923835000
          ],
          "name": "time_stamp",
          "type": "Date"
        },
        {
          "data": [
            11,
            12,
            4,
            2,
            3,
            1,
            8
          ],
          "name": "ppe_id",
          "type": "Long"
        },
        {
          "data": [
            26,
            26,
            26,
            26,
            26,
            26,
            26
          ],
          "name": "statement_id",
          "type": "Long"
        },
        {
          "data": [
            "Fire Retardant Overalls",
            "Steel capped Safety Boots",
            "Safety Gloves",
            "Safety Glasses",
            "Ear Plugs",
            "Hard Hat",
            "Face Shield"
          ],
          "name": "ppe_name",
          "type": "String"
        }
      ]
    },
    "signiture_required": {
      "required": false,
      "signed": false,
      "worker_id": null
    },
    "supervisor": {
      "feedback_id": 13,
      "statement_id": 26,
      "supervisor_approved": true,
      "supervisor_name": "Hala",
      "supervisor_rejected": false,
      "supervisor_rejected_reason": "",
      "supervisor_surname": "Mzobe",
      "supervisor_username": "hala",
      "time_stamp": {
        "$": [
          "ts",
          192,
          1762978225969
        ],
        "$ts": 1762965163000
      }
    },
    "tasks": [
      {
        "no": 1,
        "reason": "",
        "status": null,
        "steps": "Entry into site.\nAll personnel to be inducted\nSign on Permit\nToolbox Talks (DSTI, TSTI, etc.)",
        "task_id": 115
      },
      {
        "no": 2,
        "reason": "",
        "status": null,
        "steps": "Do tool and equipment inspection prior to work.",
        "task_id": 116
      },
      {
        "no": 3,
        "reason": "",
        "status": null,
        "steps": "Identify scope of work with Client person in charge.\nIsolate, test and lockout.\nDisconnect and remove old server box if there is one.\nMount the new server box and connect.\nCheck functionality of the server.\nTest and close off.",
        "task_id": 117
      },
      {
        "no": 4,
        "reason": "",
        "status": null,
        "steps": "See Risk Assessment, WSWP",
        "task_id": 118
      },
      {
        "no": 5,
        "reason": "",
        "status": null,
        "steps": "Do housekeeping",
        "task_id": 119
      },
      {
        "no": 6,
        "reason": "",
        "status": null,
        "steps": "Sign off PTW",
        "task_id": 120
      }
    ],
    "tools": [
      {
        "item": {
          "borrowed_quantity": 2,
          "msti_id": 38,
          "privileges": false,
          "returned_damaged": 0,
          "returned_damaged_reason": "",
          "returned_good_condition": 2,
          "returned_lost": 0,
          "returned_lost_reason": "",
          "supervisor_enabled": true,
          "tool_name": "Hand Tools"
        }
      }
    ],
    "user": {},
    "workers": {
      "$": [
        "ds",
        192,
        1762980726479
      ],
      "$columns": [
        {
          "data": [
            49,
            50
          ],
          "name": "worker_id",
          "type": "Long"
        },
        {
          "data": [
            "hala",
            "Maka"
          ],
          "name": "username",
          "type": "String"
        },
        {
          "data": [
            "Hala",
            "Maka"
          ],
          "name": "name",
          "type": "String"
        },
        {
          "data": [
            " Mzobe",
            " Rosebank"
          ],
          "name": "surname",
          "type": "String"
        },
        {
          "data": [
            null,
            null
          ],
          "name": "role",
          "type": "String"
        },
        {
          "data": [
            true,
            false
          ],
          "name": "signed",
          "type": "Boolean"
        },
        {
          "data": [
            1762979392000,
            null
          ],
          "name": "signed_time_stamp",
          "type": "Date"
        },
        {
          "data": [
            1762923835000,
            1762923835000
          ],
          "name": "time_stamp",
          "type": "Date"
        },
        {
          "data": [
            26,
            26
          ],
          "name": "statement_id",
          "type": "Long"
        }
      ]
    }
  },
  "params": {
    "statement_id": 26
  },
  "propConfig": {
    "custom.method_statement": {
      "binding": {
        "config": {
          "parameters": {
            "statement_id": "{view.params.statement_id}"
          },
          "queryPath": "method_statement/select by statement id"
        },
        "transforms": [
          {
            "code": "\tif value.getRowCount() \u003e 0:\n\t    headers \u003d value.getColumnNames()\n\t    full_name \u003d (value.getValueAt(0, \u0027initiator_name\u0027) or \"\") + \" \" + (value.getValueAt(0, \u0027initiator_surname\u0027) or \"\")\n\t    \n\t    self.getChild(\"root\").getChild(\"FlexContainer\").getChild(\"initiator\").getChild(\"initiator\").props.text \u003d full_name\n\t    self.getChild(\"root\").getChild(\"FlexContainer\").getChild(\"initiator\").getChild(\"initiator_date\").props.text \u003d system.date.format(value.getValueAt(0, \u0027time_stamp\u0027), \u0027dd MMM YYYY HH:mm\u0027) \n\t    \n\t    self.getChild(\"root\").getChild(\"FlexContainer\").getChild(\"site\").getChild(\"site\").props.text \u003d value.getValueAt(0, \u0027site_name\u0027)\n\t    self.getChild(\"root\").getChild(\"FlexContainer\").getChild(\"work_activity\").getChild(\"work_activity\").props.text \t\u003d value.getValueAt(0, \u0027work_activity\u0027)\n\t    self.getChild(\"root\").getChild(\"FlexContainer\").getChild(\"work_activity_date\").getChild(\"startDate\").props.text \t\u003d system.date.format(value.getValueAt(0, \u0027start_date\u0027), \u0027dd MMM YYYY HH:mm\u0027) \n\t    self.getChild(\"root\").getChild(\"FlexContainer\").getChild(\"work_activity_date\").getChild(\"endDate\").props.text   \t\u003d system.date.format(value.getValueAt(0, \u0027end_date\u0027), \u0027dd MMM YYYY HH:mm\u0027) \n\t    \n\t    self.getChild(\"root\").getChild(\"FlexContainer\").getChild(\"location_of_activity\").getChild(\"TextField\").props.text\t\u003d value.getValueAt(0, \u0027location_name\u0027)\n\t    for row in range(value.getRowCount()):\n\t        row_obj \u003d {}\n\t        for col in headers:\n\t            row_obj[col] \u003d value.getValueAt(row, col)\n\t    return row_obj\n\telse:\n\t\tself.getChild(\"root\").getChild(\"FlexContainer\").getChild(\"initiator\").getChild(\"initiator\").props.text \u003d \u0027\u0027\n\t\tself.getChild(\"root\").getChild(\"FlexContainer\").getChild(\"initiator\").getChild(\"initiator_date\").props.text \u003d \u0027\u0027 \n\t    \n\t\tself.getChild(\"root\").getChild(\"FlexContainer\").getChild(\"site\").getChild(\"site\").props.text \u003d \u0027\u0027\n\t\tself.getChild(\"root\").getChild(\"FlexContainer\").getChild(\"work_activity\").getChild(\"work_activity\").props.text \t\u003d \u0027\u0027\n\t\tself.getChild(\"root\").getChild(\"FlexContainer\").getChild(\"work_activity_date\").getChild(\"startDate\").props.text \t\u003d \u0027\u0027\n\t\tself.getChild(\"root\").getChild(\"FlexContainer\").getChild(\"work_activity_date\").getChild(\"endDate\").props.text   \t\u003d \u0027\u0027\n\t\t\n\t\tself.getChild(\"root\").getChild(\"FlexContainer\").getChild(\"location_of_activity\").getChild(\"TextField\").props.text\t\u003d \u0027\u0027\n\t\treturn None",
            "type": "script"
          }
        ],
        "type": "query"
      },
      "persistent": true
    },
    "custom.ppe": {
      "binding": {
        "config": {
          "parameters": {
            "statement_id": "{view.params.statement_id}"
          },
          "queryPath": "method_statement_ppe_inventory/select by statement id"
        },
        "type": "query"
      },
      "persistent": true
    },
    "custom.signiture_required": {
      "binding": {
        "config": {
          "parameters": {
            "statement_id": "{view.params.statement_id}"
          },
          "polling": {
            "enabled": true,
            "rate": "30"
          },
          "queryPath": "user_workers_method_statement/select by statement id"
        },
        "transforms": [
          {
            "code": "\trequired \u003d False\n\tsigned\t\u003d False\n\tworker_id\t\u003d None\n\tusername \t\t\u003d self.session.props.auth.user.userName\n\tfor i in range(value.getRowCount()):\n\t\tif value.getValueAt(i, \u0027username\u0027) \u003d\u003d username:\n\t\t\trequired \t\u003d True\n\t\t\tsigned\t\t\u003d value.getValueAt(i, \u0027signed\u0027)\n\t\t\tworker_id\t\u003d value.getValueAt(i, \u0027worker_id\u0027)\n\treturn {\u0027required\u0027: required, \u0027signed\u0027: signed, \u0027worker_id\u0027: worker_id}",
            "type": "script"
          }
        ],
        "type": "query"
      },
      "persistent": true
    },
    "custom.supervisor": {
      "binding": {
        "config": {
          "parameters": {
            "statement_id": "{view.params.statement_id}"
          },
          "queryPath": "supervisor feedback/select by statement id"
        },
        "transforms": [
          {
            "code": "\tif value.getRowCount() \u003e 0:\n\t\n\t    headers \u003d value.getColumnNames()\n\t    \n\t    self.getChild(\"root\").getChild(\"FlexContainer\").getChild(\"supervisor\").getChild(\"supervisor\").getChild(\"decision\").props.radios[0].selected \u003d value.getValueAt(0, \u0027supervisor_approved\u0027)\n\t    self.getChild(\"root\").getChild(\"FlexContainer\").getChild(\"supervisor\").getChild(\"supervisor\").getChild(\"decision\").props.radios[1].selected \u003d value.getValueAt(0, \u0027supervisor_rejected\u0027)\n\t    self.getChild(\"root\").getChild(\"FlexContainer\").getChild(\"supervisor\").getChild(\"supervisor\").getChild(\"supervisor_rejected_reason\").props.text \u003d value.getValueAt(0, \u0027supervisor_rejected_reason\u0027)\n\t    for row in range(value.getRowCount()):\n\t\t    row_obj \u003d {}\n\t\t    for col in headers:\n\t\t        row_obj[col] \u003d value.getValueAt(row, col)\n\t    return row_obj\n\telse:\n\t\treturn None",
            "type": "script"
          }
        ],
        "type": "query"
      },
      "persistent": true
    },
    "custom.tasks": {
      "binding": {
        "config": {
          "parameters": {
            "statement_id": "{view.params.statement_id}"
          },
          "queryPath": "task/select by stament id"
        },
        "transforms": [
          {
            "code": "\trows \u003d []\n\tfor i in range(value.getRowCount()):\n\t\tno\t\t\u003d value.getValueAt(i, \u0027counter\u0027)\n\t\tsteps\t\u003d value.getValueAt(i, \u0027task_description\u0027) if value.getValueAt(i, \u0027task_description\u0027) !\u003d None else \u0027\u0027\n\t\tstatus\t\u003d value.getValueAt(i, \u0027status\u0027)\n\t\treason\t\u003d value.getValueAt(i, \u0027reason_closed\u0027) if value.getValueAt(i, \u0027task_completed\u0027) or value.getValueAt(i, \u0027reason_closed\u0027) !\u003d None else \u0027\u0027\n\t\ttask_id\t\u003d value.getValueAt(i, \u0027task_id\u0027)\n\t\trows.append({\u0027task_id\u0027: task_id, \u0027no\u0027: no, \u0027steps\u0027: steps, \u0027status\u0027: status, \u0027reason\u0027: reason})\n\treturn rows",
            "type": "script"
          }
        ],
        "type": "query"
      },
      "persistent": true
    },
    "custom.tools": {
      "binding": {
        "config": {
          "parameters": {
            "statement_id": "{view.params.statement_id}"
          },
          "queryPath": "method_statement_tool_inventory/select by statement id"
        },
        "transforms": [
          {
            "code": "\t\n\theaders\t\u003d [\u0027msti_id\u0027, \u0027tool_name\u0027, \u0027borrowed_quantity\u0027, \u0027returned_good_condition\u0027, \u0027returned_damaged\u0027, \u0027returned_damaged_reason\u0027, \u0027returned_lost\u0027, \u0027returned_lost_reason\u0027]\n\trows \u003d []\n\tsupervisor_enabled \u003d False\n\tif self.custom.supervisor !\u003d None and self.custom.supervisor.supervisor_approved \u003d\u003d True:\n\t\tsupervisor_enabled \u003d True\n\n\tprivileges\t\u003d False\n\tif self.custom.signiture_required.required \u003d\u003d True and self.custom.signiture_required.signed \u003d\u003d True:\n\t\tprivileges \u003d True\n\t\t\n\t\t\n\tfor i in range(value.getRowCount()):\n\t\tmsti_id\t\t\t\t\t\t\u003d value.getValueAt(i, \u0027msti_id\u0027)\n\t\ttool_name\t\t\t\t\t\u003d value.getValueAt(i, \u0027tool_name\u0027)\n\t\tborrowed_quantity\t\t\t\u003d value.getValueAt(i, \u0027borrowed_quantity\u0027)\n\t\treturned_good_condition\t\t\u003d value.getValueAt(i, \u0027returned_good_condition\u0027)\n\t\treturned_damaged\t\t\t\u003d value.getValueAt(i, \u0027returned_damaged\u0027)\n\t\treturned_damaged_reason\t\t\u003d value.getValueAt(i, \u0027returned_damaged_reason\u0027) if value.getValueAt(i, \u0027returned_damaged_reason\u0027) !\u003d None else \u0027\u0027\n\t\treturned_lost\t\t\t\t\u003d value.getValueAt(i, \u0027returned_lost\u0027)\n\t\treturned_lost_reason\t\t\u003d value.getValueAt(i, \u0027returned_lost_reason\u0027) if value.getValueAt(i, \u0027returned_lost_reason\u0027) !\u003d None else \u0027\u0027\n\t\trows.append({\u0027item\u0027: {\u0027msti_id\u0027: msti_id, \u0027tool_name\u0027: tool_name, \u0027borrowed_quantity\u0027: borrowed_quantity, \u0027returned_good_condition\u0027: returned_good_condition, \u0027returned_damaged\u0027: returned_damaged, \u0027returned_damaged_reason\u0027: returned_damaged_reason, \u0027returned_lost\u0027: returned_lost, \u0027returned_lost_reason\u0027: returned_lost_reason, \u0027supervisor_enabled\u0027: supervisor_enabled, \u0027privileges\u0027: privileges}})\n\t\t\n\treturn rows",
            "type": "script"
          }
        ],
        "type": "query"
      },
      "persistent": true
    },
    "custom.user": {
      "persistent": true
    },
    "custom.user.isSupervisor": {
      "binding": {
        "config": {
          "path": "session.props.auth.user.roles"
        },
        "transforms": [
          {
            "code": "\tif \u0027Supervisor\u0027 in value:\n\t\treturn True\n\telse:\n\t\treturn False",
            "type": "script"
          }
        ],
        "type": "property"
      }
    },
    "custom.user.name": {
      "binding": {
        "config": {
          "path": "session.props.auth.user.firstName"
        },
        "type": "property"
      }
    },
    "custom.user.surname": {
      "binding": {
        "config": {
          "path": "session.props.auth.user.lastName"
        },
        "type": "property"
      }
    },
    "custom.user.username": {
      "binding": {
        "config": {
          "path": "session.props.auth.user.userName"
        },
        "type": "property"
      }
    },
    "custom.workers": {
      "binding": {
        "config": {
          "parameters": {
            "statement_id": "{view.params.statement_id}"
          },
          "polling": {
            "enabled": true,
            "rate": "30"
          },
          "queryPath": "user_workers_method_statement/select by statement id"
        },
        "type": "query"
      },
      "persistent": true
    },
    "params.statement_id": {
      "paramDirection": "input",
      "persistent": true
    }
  },
  "props": {
    "defaultSize": {
      "height": 3000,
      "width": 2184
    }
  },
  "root": {
    "children": [
      {
        "meta": {
          "name": "spacer_0"
        },
        "position": {
          "basis": "5px",
          "grow": 1
        },
        "type": "ia.display.label"
      },
      {
        "children": [
          {
            "children": [
              {
                "meta": {
                  "name": "Label"
                },
                "position": {
                  "basis": "300px"
                },
                "propConfig": {
                  "props.text": {
                    "binding": {
                      "config": {
                        "path": "view.custom.supervisor"
                      },
                      "transforms": [
                        {
                          "code": "\n\tif value \u003d\u003d None:\n\t\treturn \"Awaiting Supervisor Feedback\"\n\telse:\n\t\tif self.view.custom.supervisor.supervisor_rejected \u003d\u003d 1:\n\t\t\treturn \"Statement Rejected by Supervisor\"\n\t\telif self.view.custom.supervisor.supervisor_approved \u003d\u003d 1:\n\t\t\treturn \"Statement Approved by Supervisor\"\n\t\telse:\n\t\t\treturn \"Statement Not Found\"",
                          "type": "script"
                        }
                      ],
                      "type": "property"
                    }
                  }
                },
                "props": {
                  "style": {
                    "classes": "Method_Statement/label",
                    "color": "black",
                    "fontWeight": "bold",
                    "textAlign": "left"
                  }
                },
                "type": "ia.display.label"
              },
              {
                "meta": {
                  "name": "Label_1"
                },
                "position": {
                  "basis": "300px"
                },
                "propConfig": {
                  "props.text": {
                    "binding": {
                      "config": {
                        "expression": "\u0027Method Statement \u0027 + tostr({view.params.statement_id})"
                      },
                      "type": "expr"
                    }
                  }
                },
                "props": {
                  "style": {
                    "classes": "Method_Statement/label",
                    "color": "black",
                    "fontWeight": "bold",
                    "textAlign": "right"
                  }
                },
                "type": "ia.display.label"
              }
            ],
            "meta": {
              "name": "FlexContainer_4"
            },
            "position": {
              "basis": "50px",
              "shrink": 0
            },
            "props": {
              "justify": "space-between",
              "style": {
                "backgroundColor": "lightgrey",
                "classes": "Method_Statement/card",
                "marginTop": 0,
                "overflow": "visible"
              }
            },
            "type": "ia.container.flex"
          },
          {
            "children": [
              {
                "events": {
                  "dom": {
                    "onClick": {
                      "config": {
                        "params": {},
                        "view": "Page/Method Statement List"
                      },
                      "scope": "C",
                      "type": "nav"
                    }
                  }
                },
                "meta": {
                  "name": "Button",
                  "tooltip": {
                    "text": "click to remove selected tools"
                  }
                },
                "position": {
                  "basis": "50px"
                },
                "props": {
                  "style": {
                    "classes": "Method_Statement/control_button"
                  },
                  "text": "back"
                },
                "type": "ia.input.button"
              }
            ],
            "meta": {
              "name": "FlexContainer_5"
            },
            "position": {
              "basis": "30px",
              "shrink": 0
            },
            "props": {
              "alignItems": "flex-end"
            },
            "type": "ia.container.flex"
          },
          {
            "children": [
              {
                "meta": {
                  "name": "Label"
                },
                "position": {
                  "basis": "300px"
                },
                "props": {
                  "style": {
                    "classes": "Method_Statement/label"
                  },
                  "text": "Created by"
                },
                "type": "ia.display.label"
              },
              {
                "meta": {
                  "name": "initiator"
                },
                "position": {
                  "basis": "406px"
                },
                "props": {
                  "enabled": false,
                  "style": {
                    "backgroundColor": "transparent"
                  },
                  "text": "Hala Mzobe"
                },
                "type": "ia.input.text-field"
              },
              {
                "meta": {
                  "name": "Label_0"
                },
                "props": {
                  "style": {
                    "classes": "Method_Statement/label"
                  }
                },
                "type": "ia.display.label"
              },
              {
                "meta": {
                  "name": "initiator_date"
                },
                "position": {
                  "basis": "161px"
                },
                "props": {
                  "enabled": false,
                  "style": {
                    "backgroundColor": "transparent"
                  },
                  "text": "12 Nov 2025 05:03"
                },
                "type": "ia.input.text-field"
              }
            ],
            "meta": {
              "name": "initiator"
            },
            "position": {
              "basis": "30px",
              "shrink": 0
            },
            "props": {
              "style": {
                "classes": "Method_Statement/card"
              }
            },
            "type": "ia.container.flex"
          },
          {
            "children": [
              {
                "meta": {
                  "name": "Label"
                },
                "position": {
                  "basis": "300px"
                },
                "props": {
                  "style": {
                    "classes": "Method_Statement/label"
                  },
                  "text": "Site"
                },
                "type": "ia.display.label"
              },
              {
                "meta": {
                  "name": "site"
                },
                "position": {
                  "basis": "406px"
                },
                "props": {
                  "enabled": false,
                  "style": {
                    "backgroundColor": "transparent"
                  },
                  "text": "SAFRIPOL"
                },
                "type": "ia.input.text-field"
              }
            ],
            "meta": {
              "name": "site"
            },
            "position": {
              "basis": "30px",
              "shrink": 0
            },
            "props": {
              "style": {
                "classes": "Method_Statement/card"
              }
            },
            "type": "ia.container.flex"
          },
          {
            "children": [
              {
                "meta": {
                  "name": "Label"
                },
                "position": {
                  "basis": "300px"
                },
                "props": {
                  "style": {
                    "classes": "Method_Statement/label"
                  },
                  "text": "Work Activity"
                },
                "type": "ia.display.label"
              },
              {
                "meta": {
                  "name": "work_activity"
                },
                "position": {
                  "basis": "600px",
                  "grow": 1
                },
                "props": {
                  "enabled": false,
                  "style": {
                    "backgroundColor": "transparent"
                  },
                  "text": "Mounting of the Server box."
                },
                "type": "ia.input.text-area"
              }
            ],
            "meta": {
              "name": "work_activity"
            },
            "position": {
              "basis": "60px",
              "grow": 1,
              "shrink": 0
            },
            "props": {
              "style": {
                "classes": "Method_Statement/card"
              },
              "wrap": "wrap"
            },
            "type": "ia.container.flex"
          },
          {
            "children": [
              {
                "meta": {
                  "name": "Label"
                },
                "position": {
                  "basis": "300px"
                },
                "props": {
                  "style": {
                    "classes": "Method_Statement/label"
                  },
                  "text": "Work Activity Date"
                },
                "type": "ia.display.label"
              },
              {
                "meta": {
                  "name": "startDate"
                },
                "position": {
                  "basis": "170px"
                },
                "props": {
                  "enabled": false,
                  "style": {
                    "backgroundColor": "transparent"
                  },
                  "text": "12 Nov 2025 00:00"
                },
                "type": "ia.input.text-field"
              },
              {
                "meta": {
                  "name": "Label_0"
                },
                "props": {
                  "style": {
                    "classes": "Method_Statement/label"
                  },
                  "text": "to"
                },
                "type": "ia.display.label"
              },
              {
                "meta": {
                  "name": "endDate"
                },
                "position": {
                  "basis": "170px"
                },
                "props": {
                  "enabled": false,
                  "style": {
                    "backgroundColor": "transparent"
                  },
                  "text": "13 Nov 2025 00:00"
                },
                "type": "ia.input.text-field"
              }
            ],
            "meta": {
              "name": "work_activity_date"
            },
            "position": {
              "basis": "30px",
              "shrink": 0
            },
            "props": {
              "style": {
                "classes": "Method_Statement/card"
              }
            },
            "type": "ia.container.flex"
          },
          {
            "children": [
              {
                "meta": {
                  "name": "Label"
                },
                "position": {
                  "basis": "300px"
                },
                "props": {
                  "style": {
                    "classes": "Method_Statement/label"
                  },
                  "text": "Location of Activity"
                },
                "type": "ia.display.label"
              },
              {
                "meta": {
                  "name": "TextField"
                },
                "position": {
                  "basis": "406px",
                  "grow": 1
                },
                "props": {
                  "enabled": false,
                  "style": {
                    "backgroundColor": "transparent"
                  },
                  "text": "Mixing Plant"
                },
                "type": "ia.input.text-field"
              }
            ],
            "meta": {
              "name": "location_of_activity"
            },
            "position": {
              "basis": "30px",
              "shrink": 0
            },
            "props": {
              "style": {
                "classes": "Method_Statement/card"
              }
            },
            "type": "ia.container.flex"
          },
          {
            "children": [
              {
                "meta": {
                  "name": "Label"
                },
                "position": {
                  "basis": "1px"
                },
                "props": {
                  "style": {
                    "classes": "Method_Statement/card"
                  }
                },
                "type": "ia.display.label"
              },
              {
                "children": [
                  {
                    "children": [
                      {
                        "meta": {
                          "name": "Label"
                        },
                        "position": {
                          "basis": "30px"
                        },
                        "props": {
                          "style": {
                            "classes": "Method_Statement/label"
                          },
                          "text": "Tool/Equipment"
                        },
                        "type": "ia.display.label"
                      },
                      {
                        "meta": {
                          "name": "Label_0"
                        },
                        "position": {
                          "basis": "20px"
                        },
                        "props": {
                          "style": {
                            "classes": "Method_Statement/subtext",
                            "color": "#8F8B8B"
                          },
                          "text": "List of all tools/equipment for task."
                        },
                        "type": "ia.display.label"
                      }
                    ],
                    "meta": {
                      "name": "FlexContainer_6"
                    },
                    "position": {
                      "basis": "318px"
                    },
                    "props": {
                      "direction": "column",
                      "instances": [
                        {
                          "item": {
                            "borrowed_quantity": 1,
                            "msti_id": 34,
                            "returned_damaged": 0,
                            "returned_damaged_reason": "",
                            "returned_good_condition": 1,
                            "returned_lost": 0,
                            "returned_lost_reason": "",
                            "tool_name": "Vision Sensor (02D500)"
                          }
                        },
                        {
                          "item": {
                            "borrowed_quantity": 2,
                            "msti_id": 35,
                            "returned_damaged": 1,
                            "returned_damaged_reason": "Feel from height and chipped",
                            "returned_good_condition": 1,
                            "returned_lost": 0,
                            "returned_lost_reason": "",
                            "tool_name": "700-972-0BB50"
                          }
                        }
                      ],
                      "style": {
                        "classes": "Method_Statement/card",
                        "marginTop": 0
                      }
                    },
                    "type": "ia.container.flex"
                  },
                  {
                    "custom": {
                      "key": {
                        "instancePosition": {},
                        "instanceStyle": {
                          "classes": ""
                        },
                        "quantity": 1,
                        "quantity_max": 25,
                        "reason": "",
                        "selected": false,
                        "status": 1,
                        "tool": "Flashlight"
                      },
                      "template": {
                        "instancePosition": {},
                        "instanceStyle": {
                          "classes": ""
                        },
                        "selected": false,
                        "tool_id": "",
                        "tool_name": "",
                        "tool_quantity": ""
                      }
                    },
                    "events": {
                      "system": {
                        "onStartup": {
                          "config": {
                            "script": "\tself.props.instances \u003d []\n\n\tself.parent.parent.getChild(\"FlexContainer_7\").getChild(\"Dropdown\").refreshBinding(\u0027props.options\u0027)\n\t"
                          },
                          "enabled": false,
                          "scope": "G",
                          "type": "script"
                        }
                      }
                    },
                    "meta": {
                      "name": "FlexRepeater"
                    },
                    "position": {
                      "basis": "1496px"
                    },
                    "propConfig": {
                      "props.instances": {
                        "binding": {
                          "config": {
                            "path": "view.custom.tools"
                          },
                          "type": "property"
                        }
                      }
                    },
                    "props": {
                      "direction": "column",
                      "path": "Templates/View Method Statement/tool list item",
                      "style": {
                        "backgroundColor": "transparent",
                        "classes": "Method_Statement/list_card"
                      }
                    },
                    "type": "ia.display.flex-repeater"
                  }
                ],
                "meta": {
                  "name": "FlexContainer"
                },
                "type": "ia.container.flex"
              },
              {
                "meta": {
                  "name": "Label_0"
                },
                "position": {
                  "basis": "1px"
                },
                "props": {
                  "style": {
                    "classes": "Method_Statement/card"
                  }
                },
                "type": "ia.display.label"
              }
            ],
            "meta": {
              "name": "tools"
            },
            "position": {
              "shrink": 0
            },
            "props": {
              "direction": "column"
            },
            "type": "ia.container.flex"
          },
          {
            "children": [
              {
                "children": [
                  {
                    "meta": {
                      "name": "Label"
                    },
                    "position": {
                      "basis": "30px"
                    },
                    "props": {
                      "style": {
                        "classes": "Method_Statement/label"
                      },
                      "text": "PPE to be Used"
                    },
                    "type": "ia.display.label"
                  },
                  {
                    "meta": {
                      "name": "Label_0"
                    },
                    "position": {
                      "shrink": 0
                    },
                    "props": {
                      "style": {
                        "classes": "Method_Statement/subtext",
                        "color": "#8F8B8B"
                      },
                      "text": "List of all Personal Protective Equipment to be used for each task."
                    },
                    "type": "ia.display.label"
                  }
                ],
                "meta": {
                  "name": "FlexContainer_6"
                },
                "position": {
                  "basis": "318px"
                },
                "props": {
                  "direction": "column",
                  "style": {
                    "classes": "Method_Statement/card",
                    "marginTop": 0
                  }
                },
                "type": "ia.container.flex"
              },
              {
                "children": [
                  {
                    "children": [
                      {
                        "custom": {
                          "template": {
                            "instancePosition": {},
                            "instanceStyle": {
                              "classes": ""
                            },
                            "ppe_id": 8,
                            "ppe_name": "Face Shield",
                            "selected": false
                          }
                        },
                        "events": {
                          "system": {
                            "onStartup": {
                              "config": {
                                "script": "\tself.props.instances \u003d []\n\n\tself.parent.parent.getChild(\"FlexContainer_7\").getChild(\"Dropdown\").refreshBinding(\u0027props.options\u0027)"
                              },
                              "enabled": false,
                              "scope": "G",
                              "type": "script"
                            }
                          }
                        },
                        "meta": {
                          "name": "ppe"
                        },
                        "position": {
                          "basis": "400px",
                          "grow": 1
                        },
                        "propConfig": {
                          "props.instances": {
                            "binding": {
                              "config": {
                                "path": "view.custom.ppe"
                              },
                              "transforms": [
                                {
                                  "code": "\tdata\t\u003d []\n\t\n\tfor i in range(value.getRowCount()):\n\t\tself.custom.template.ppe_id \u003d value.getValueAt(i, \u0027ppe_id\u0027)\n\t\tself.custom.template.ppe_name \u003d value.getValueAt(i, \u0027ppe_name\u0027)\n\t\t\n\t\tdata.append(self.custom.template)\n\treturn data",
                                  "type": "script"
                                }
                              ],
                              "type": "property"
                            }
                          }
                        },
                        "props": {
                          "direction": "column",
                          "path": "Templates/New Method Statement/ppe list item",
                          "style": {
                            "backgroundColor": "transparent",
                            "classes": "Method_Statement/list_card"
                          }
                        },
                        "type": "ia.display.flex-repeater"
                      }
                    ],
                    "meta": {
                      "name": "ppe"
                    },
                    "position": {
                      "grow": 1
                    },
                    "type": "ia.container.flex"
                  }
                ],
                "meta": {
                  "name": "ppe"
                },
                "position": {
                  "basis": "454px",
                  "grow": 1
                },
                "props": {
                  "direction": "column"
                },
                "type": "ia.container.flex"
              }
            ],
            "meta": {
              "name": "ppe"
            },
            "position": {
              "shrink": 0
            },
            "type": "ia.container.flex"
          },
          {
            "children": [
              {
                "meta": {
                  "name": "Label"
                },
                "position": {
                  "basis": "1px"
                },
                "props": {
                  "style": {
                    "classes": "Method_Statement/card"
                  }
                },
                "type": "ia.display.label"
              },
              {
                "children": [
                  {
                    "children": [
                      {
                        "meta": {
                          "name": "Label"
                        },
                        "position": {
                          "basis": "30px"
                        },
                        "props": {
                          "style": {
                            "classes": "Method_Statement/label"
                          },
                          "text": "Tasks Steps"
                        },
                        "type": "ia.display.label"
                      },
                      {
                        "meta": {
                          "name": "Label_0"
                        },
                        "position": {
                          "shrink": 0
                        },
                        "props": {
                          "style": {
                            "classes": "Method_Statement/subtext",
                            "color": "#8F8B8B"
                          },
                          "text": "List of all steps to be completed for each task."
                        },
                        "type": "ia.display.label"
                      }
                    ],
                    "meta": {
                      "name": "FlexContainer_6"
                    },
                    "position": {
                      "basis": "318px"
                    },
                    "props": {
                      "direction": "column",
                      "style": {
                        "classes": "Method_Statement/card",
                        "marginTop": 0
                      }
                    },
                    "type": "ia.container.flex"
                  },
                  {
                    "custom": {
                      "template": {
                        "instancePosition": {},
                        "instanceStyle": {
                          "classes": ""
                        },
                        "no": "",
                        "selected": false,
                        "steps": ""
                      }
                    },
                    "events": {
                      "system": {
                        "onStartup": {
                          "config": {
                            "script": "\t#self.props.instances \u003d []\n\n\t#self.parent.parent.getChild(\"FlexContainer_7\").getChild(\"Dropdown\").refreshBinding(\u0027props.options\u0027)"
                          },
                          "enabled": false,
                          "scope": "G",
                          "type": "script"
                        }
                      }
                    },
                    "meta": {
                      "name": "FlexRepeater"
                    },
                    "position": {
                      "basis": "1496px"
                    },
                    "propConfig": {
                      "props.instances": {
                        "binding": {
                          "config": {
                            "path": "view.custom.tasks"
                          },
                          "type": "property"
                        }
                      }
                    },
                    "props": {
                      "direction": "column",
                      "path": "Templates/View Method Statement/task steps item",
                      "style": {
                        "backgroundColor": "transparent",
                        "classes": "Method_Statement/list_card",
                        "overflow": "visible"
                      },
                      "useDefaultViewWidth": false
                    },
                    "type": "ia.display.flex-repeater"
                  }
                ],
                "meta": {
                  "name": "FlexContainer"
                },
                "position": {
                  "grow": 1
                },
                "type": "ia.container.flex"
              },
              {
                "meta": {
                  "name": "Label_0"
                },
                "position": {
                  "basis": "1px"
                },
                "props": {
                  "style": {
                    "classes": "Method_Statement/card"
                  }
                },
                "type": "ia.display.label"
              }
            ],
            "meta": {
              "name": "tasks"
            },
            "position": {
              "shrink": 0
            },
            "props": {
              "direction": "column"
            },
            "type": "ia.container.flex"
          },
          {
            "children": [
              {
                "children": [
                  {
                    "children": [
                      {
                        "meta": {
                          "name": "Label"
                        },
                        "position": {
                          "basis": "30px"
                        },
                        "props": {
                          "style": {
                            "classes": "Method_Statement/label"
                          },
                          "text": "Workers Involved"
                        },
                        "type": "ia.display.label"
                      },
                      {
                        "meta": {
                          "name": "Label_0"
                        },
                        "position": {
                          "basis": "20px"
                        },
                        "props": {
                          "style": {
                            "classes": "Method_Statement/subtext",
                            "color": "#8F8B8B"
                          },
                          "text": "List of all competent workers carrying out work."
                        },
                        "type": "ia.display.label"
                      }
                    ],
                    "meta": {
                      "name": "FlexContainer_6"
                    },
                    "position": {
                      "basis": "318px"
                    },
                    "props": {
                      "direction": "column",
                      "style": {
                        "classes": "Method_Statement/card",
                        "marginTop": 0
                      }
                    },
                    "type": "ia.container.flex"
                  },
                  {
                    "children": [
                      {
                        "children": [
                          {
                            "custom": {
                              "template": {
                                "instancePosition": {},
                                "instanceStyle": {
                                  "classes": ""
                                },
                                "name": "Maka",
                                "selected": false,
                                "signed": "Not Signed",
                                "username": "Maka"
                              }
                            },
                            "events": {
                              "system": {
                                "onStartup": {
                                  "config": {
                                    "script": "\tself.props.instances \u003d []\n\n\tself.parent.parent.getChild(\"FlexContainer_7\").getChild(\"Dropdown\").refreshBinding(\u0027props.options\u0027)"
                                  },
                                  "enabled": false,
                                  "scope": "G",
                                  "type": "script"
                                }
                              }
                            },
                            "meta": {
                              "name": "workers"
                            },
                            "position": {
                              "basis": "78px"
                            },
                            "propConfig": {
                              "props.instances": {
                                "binding": {
                                  "config": {
                                    "path": "view.custom.workers"
                                  },
                                  "transforms": [
                                    {
                                      "code": "\tdata \u003d []\n\tfor i in range(value.getRowCount()):\n\t\tself.custom.template.username \u003d value.getValueAt(i, \u0027username\u0027)\n\t\tself.custom.template.name \u003d value.getValueAt(i, \u0027name\u0027)\n\t\tself.custom.template.signed \u003d \u0027Signed\u0027 if value.getValueAt(i, \u0027signed\u0027) else \u0027Not Signed\u0027\n\t\t\n\t\tdata.append(self.custom.template)\n\treturn data",
                                      "type": "script"
                                    }
                                  ],
                                  "type": "property"
                                }
                              }
                            },
                            "props": {
                              "direction": "column",
                              "path": "Templates/View Method Statement/worker list item",
                              "style": {
                                "backgroundColor": "transparent",
                                "classes": "Method_Statement/list_card"
                              }
                            },
                            "type": "ia.display.flex-repeater"
                          }
                        ],
                        "meta": {
                          "name": "workers"
                        },
                        "position": {
                          "basis": "399px"
                        },
                        "props": {
                          "direction": "column"
                        },
                        "type": "ia.container.flex"
                      }
                    ],
                    "meta": {
                      "name": "workers"
                    },
                    "position": {
                      "basis": "454px",
                      "grow": 1
                    },
                    "type": "ia.container.flex"
                  }
                ],
                "meta": {
                  "name": "workers"
                },
                "position": {
                  "basis": "131px"
                },
                "type": "ia.container.flex"
              },
              {
                "children": [
                  {
                    "meta": {
                      "name": "Label_1"
                    },
                    "position": {
                      "basis": "27px"
                    },
                    "props": {
                      "style": {
                        "classes": "Method_Statement/subtext",
                        "color": "#830000",
                        "marginBottom": 5
                      },
                      "text": "Only persons who have completed the signoff are authorized to work on the relevant tasks covered by this document."
                    },
                    "type": "ia.display.label"
                  },
                  {
                    "meta": {
                      "name": "Label"
                    },
                    "position": {
                      "shrink": 0
                    },
                    "props": {
                      "style": {
                        "classes": "Method_Statement/subtext",
                        "marginBottom": 5
                      },
                      "text": "NOTE: Work must be performed in accordance with this MS, any Risk Assessment prepared in relation to this work and any relevant Safe Work Procedures. Work on or near energized electrical installations or services is high risk construction work."
                    },
                    "type": "ia.display.label"
                  },
                  {
                    "meta": {
                      "name": "Label_0"
                    },
                    "position": {
                      "shrink": 0
                    },
                    "props": {
                      "style": {
                        "classes": "Method_Statement/subtext",
                        "marginBottom": 5
                      },
                      "text": "This MS must be accessible for inspection until the energized electrical work to which this MS relates is completed. If the MS is revised, all versions should be kept. If a notifiable incident occurs in relation to the high-risk construction work in this MS, the MS must be kept for at least 2 years from the date of the notifiable incident."
                    },
                    "type": "ia.display.label"
                  }
                ],
                "meta": {
                  "name": "FlexContainer_4"
                },
                "position": {
                  "basis": "94px",
                  "shrink": 0
                },
                "props": {
                  "direction": "column",
                  "style": {
                    "classes": "Method_Statement/card"
                  }
                },
                "type": "ia.container.flex"
              },
              {
                "children": [
                  {
                    "meta": {
                      "name": "Label_1"
                    },
                    "position": {
                      "basis": "27px"
                    },
                    "props": {
                      "style": {
                        "classes": "Method_Statement/subtext",
                        "fontWeight": "bold",
                        "marginBottom": 5
                      },
                      "text": "I, the undersigned, acknowledge, understand and accept that:"
                    },
                    "type": "ia.display.label"
                  },
                  {
                    "meta": {
                      "name": "TextArea"
                    },
                    "position": {
                      "basis": "160px"
                    },
                    "props": {
                      "enabled": false,
                      "style": {
                        "backgroundColor": "transparent"
                      },
                      "text": "1.\tthe SHE Policy, relevant Risk Assessments, MSs and WSWP for this task have been reviewed, explained and are clearly understood by me,\n2.\tI shall only carry out work for which I am equipped and competent and advised my supervisor of any individual needs,\n3.\tI will comply with all relevant Risk Control Measures, otherwise work must stop immediately,\n4.\tI will be vigilant regarding hazards and the suitability of the identified Risk Control Measures, and\n5.\tI understand that I am authorized and expected to safely stop work and immediately notify my supervisor if a task carries an unacceptable level of risk."
                    },
                    "type": "ia.input.text-area"
                  }
                ],
                "meta": {
                  "name": "FlexContainer_5"
                },
                "position": {
                  "basis": "160px",
                  "shrink": 0
                },
                "props": {
                  "direction": "column",
                  "style": {
                    "classes": "Method_Statement/card"
                  }
                },
                "type": "ia.container.flex"
              },
              {
                "children": [
                  {
                    "meta": {
                      "name": "Label"
                    },
                    "position": {
                      "basis": "300px"
                    },
                    "props": {
                      "style": {
                        "classes": "Method_Statement/label"
                      },
                      "text": "Confirm Signiture"
                    },
                    "type": "ia.display.label"
                  },
                  {
                    "meta": {
                      "name": "Checkbox"
                    },
                    "position": {
                      "basis": "56px"
                    },
                    "propConfig": {
                      "props.selected": {
                        "binding": {
                          "config": {
                            "path": "view.custom.signiture_required.signed"
                          },
                          "type": "property"
                        }
                      }
                    },
                    "props": {
                      "checkedIcon": {
                        "color": {
                          "enabled": "#003E69"
                        }
                      },
                      "text": ""
                    },
                    "type": "ia.input.checkbox"
                  },
                  {
                    "events": {
                      "dom": {
                        "onClick": {
                          "config": {
                            "script": "\n\tworker_id\t\u003d self.view.custom.signiture_required.worker_id\n\tparams\t\u003d {\u0027worker_id\u0027: worker_id}\n\t\n\tpath\t\u003d \u0027user_workers_method_statement/update\u0027\n\tsystem.db.runNamedQuery(path, params)\n\tself.view.refreshBinding(\u0027custom.signiture_required\u0027)\n\tself.view.refreshBinding(\u0027custom.workers\u0027)\n\tsystem.perspective.openPopup(\u0027submission_successful\u0027, \u0027Popups/Submission Successful\u0027, position\u003d{\n\t\t\t\t\t\t        \"type\": \"mouse\"  # makes the popup appear at the mouse location\n\t\t\t\t\t\t    })"
                          },
                          "scope": "G",
                          "type": "script"
                        }
                      }
                    },
                    "meta": {
                      "name": "Button"
                    },
                    "propConfig": {
                      "props.enabled": {
                        "binding": {
                          "config": {
                            "path": "../Checkbox.props.selected"
                          },
                          "type": "property"
                        }
                      }
                    },
                    "props": {
                      "style": {
                        "classes": "Method_Statement/button"
                      },
                      "text": "Submit Signiture"
                    },
                    "type": "ia.input.button"
                  }
                ],
                "meta": {
                  "name": "Confirm signiture"
                },
                "position": {
                  "basis": "30px",
                  "shrink": 0
                },
                "propConfig": {
                  "position.display": {
                    "binding": {
                      "config": {
                        "path": "view.custom.signiture_required.required"
                      },
                      "type": "property"
                    }
                  }
                },
                "props": {
                  "style": {
                    "classes": "Method_Statement/card"
                  }
                },
                "type": "ia.container.flex"
              }
            ],
            "meta": {
              "name": "workers"
            },
            "position": {
              "basis": "517px",
              "shrink": 0
            },
            "props": {
              "direction": "column"
            },
            "type": "ia.container.flex"
          },
          {
            "children": [
              {
                "children": [
                  {
                    "meta": {
                      "name": "Label"
                    },
                    "position": {
                      "height": 32,
                      "width": 50
                    },
                    "props": {
                      "style": {
                        "classes": "Dashboard/title"
                      },
                      "text": "Supervisor"
                    },
                    "type": "ia.display.label"
                  },
                  {
                    "meta": {
                      "name": "supervisor_rejected_reason"
                    },
                    "position": {
                      "height": 160,
                      "width": 656,
                      "x": 20,
                      "y": 149
                    },
                    "type": "ia.input.text-area"
                  },
                  {
                    "events": {
                      "dom": {
                        "onClick": {
                          "config": {
                            "script": "\tnamedQuery\t\t\t\t\t\u003d \u0027supervisor feedback/insert\u0027\n\t\n\tstatement_id\t\t\t\t\u003d self.view.params.statement_id\n\tsupervisor_username \t\t\u003d self.view.custom.user.username\n\tsupervisor_name \t\t\t\u003d self.view.custom.user.name\n\tsupervisor_surname \t\t\t\u003d self.view.custom.user.surname\n\tsupervisor_approved \t\t\u003d self.getSibling(\"decision\").props.radios[0].selected\n\tsupervisor_rejected \t\t\u003d self.getSibling(\"decision\").props.radios[1].selected\n\tsupervisor_rejected_reason \t\u003d self.getSibling(\"supervisor_rejected_reason\").props.text\n\tparams\t\t\t\u003d { \u0027statement_id\u0027: statement_id,  \u0027supervisor_username\u0027: supervisor_username ,  \u0027supervisor_name\u0027: supervisor_name ,  \u0027supervisor_surname\u0027: supervisor_surname ,  \u0027supervisor_approved\u0027:  supervisor_approved,  \u0027supervisor_rejected\u0027:  supervisor_rejected,  \u0027supervisor_rejected_reason\u0027: supervisor_rejected_reason }\n\tsystem.db.runNamedQuery(namedQuery, parameters \u003d params)\n\t\n\tself.view.refreshBinding(\u0027custom.supervisor\u0027)\n\tself.getSibling(\"decision_saved_message\").meta.visible \u003d True\n\tsystem.perspective.openPopup(\u0027submission_successful\u0027, \u0027Popups/Submission Successful\u0027, position\u003d{\n\t\t\t\t\t        \"type\": \"mouse\"  # makes the popup appear at the mouse location\n\t\t\t\t\t    })"
                          },
                          "scope": "G",
                          "type": "script"
                        }
                      }
                    },
                    "meta": {
                      "name": "Button",
                      "tooltip": {
                        "enabled": true,
                        "style": {
                          "fontSize": "14px"
                        },
                        "text": "Only Supervisors are allowed to Approve/Reject Statements"
                      }
                    },
                    "position": {
                      "height": 34,
                      "width": 222,
                      "x": 10,
                      "y": 330
                    },
                    "propConfig": {
                      "meta.visible": {
                        "binding": {
                          "config": {
                            "path": "view.custom.supervisor"
                          },
                          "transforms": [
                            {
                              "code": "\tif value !\u003d None and self.view.custom.supervisor.supervisor_approved:\n\t\treturn False\n\telse:\n\t\treturn True",
                              "type": "script"
                            }
                          ],
                          "type": "property"
                        }
                      },
                      "props.enabled": {
                        "binding": {
                          "config": {
                            "path": "session.props.auth.user.roles"
                          },
                          "transforms": [
                            {
                              "code": "\tif \u0027Supervisor\u0027 in value:\n\t\tself.meta.tooltip.enabled \u003d False\n\t\treturn True\n\telse:\n\t\tself.meta.tooltip.enabled \u003d True\n\t\treturn False",
                              "type": "script"
                            }
                          ],
                          "type": "property"
                        }
                      }
                    },
                    "props": {
                      "style": {
                        "classes": "Method_Statement/button"
                      },
                      "text": "Submit Supervisor Decision"
                    },
                    "type": "ia.input.button"
                  },
                  {
                    "meta": {
                      "name": "Label_0"
                    },
                    "position": {
                      "height": 23,
                      "width": 718,
                      "x": 20,
                      "y": 127
                    },
                    "props": {
                      "alignVertical": "bottom",
                      "text": "Please state reason if activity method statement is rejected."
                    },
                    "type": "ia.display.label"
                  },
                  {
                    "meta": {
                      "name": "decision"
                    },
                    "position": {
                      "height": 35.00000000000001,
                      "width": 321,
                      "x": 20.25218749999999,
                      "y": 85.28999999999999
                    },
                    "props": {
                      "radios": [
                        {
                          "selected": true,
                          "text": "Approve",
                          "value": "Radio button"
                        },
                        {
                          "selected": false,
                          "text": "Reject",
                          "value": "Radio button"
                        }
                      ]
                    },
                    "type": "ia.input.radio-group"
                  },
                  {
                    "meta": {
                      "name": "Label_1"
                    },
                    "position": {
                      "height": 23,
                      "width": 420,
                      "x": 19.9921875,
                      "y": 63
                    },
                    "props": {
                      "alignVertical": "bottom",
                      "text": "Please select decision"
                    },
                    "type": "ia.display.label"
                  },
                  {
                    "meta": {
                      "name": "rejected_reason_message",
                      "visible": false
                    },
                    "position": {
                      "height": 23,
                      "width": 420,
                      "x": 229.9921875,
                      "y": 336
                    },
                    "props": {
                      "alignVertical": "bottom",
                      "style": {
                        "classes": "Form/part_section_red"
                      },
                      "text": "Please enter reason for rejecting the statement"
                    },
                    "type": "ia.display.label"
                  },
                  {
                    "meta": {
                      "name": "decision_saved_message",
                      "visible": false
                    },
                    "position": {
                      "height": 23,
                      "width": 420,
                      "x": 229.9921875,
                      "y": 336
                    },
                    "props": {
                      "alignVertical": "bottom",
                      "style": {
                        "classes": "Form/part_section_red"
                      },
                      "text": "Decision saved"
                    },
                    "type": "ia.display.label"
                  }
                ],
                "meta": {
                  "name": "supervisor"
                },
                "position": {
                  "basis": "367px"
                },
                "type": "ia.container.coord"
              }
            ],
            "meta": {
              "name": "supervisor"
            },
            "position": {
              "basis": "384px",
              "shrink": 0
            },
            "props": {
              "direction": "column",
              "style": {
                "classes": "Method_Statement/card",
                "padding": 0
              }
            },
            "type": "ia.container.flex"
          },
          {
            "meta": {
              "name": "spacer_1"
            },
            "position": {
              "basis": "10px",
              "shrink": 0
            },
            "type": "ia.display.label"
          }
        ],
        "meta": {
          "name": "FlexContainer"
        },
        "position": {
          "basis": "1500px",
          "grow": 1
        },
        "props": {
          "direction": "column",
          "style": {
            "classes": "Form/container",
            "overflow": "visible"
          }
        },
        "type": "ia.container.flex"
      },
      {
        "meta": {
          "name": "spacer_1"
        },
        "position": {
          "basis": "5px",
          "grow": 1
        },
        "type": "ia.display.label"
      }
    ],
    "meta": {
      "name": "root"
    },
    "props": {
      "alignItems": "flex-start",
      "style": {
        "classes": "Form/container"
      }
    },
    "type": "ia.container.flex"
  }
}