{
  "custom": {},
  "params": {
    "id": "value",
    "params": {
      "activity_end_date": "value",
      "activity_location": "value",
      "activity_start_date": "value",
      "site": "value",
      "status": "value",
      "supervisor_approved": "value",
      "user_signature_required": "value",
      "work_activity": "value",
      "worker_signatures_required": "value",
      "workers_signed": "value"
    }
  },
  "propConfig": {
    "params.id": {
      "paramDirection": "input",
      "persistent": true
    },
    "params.params": {
      "paramDirection": "input",
      "persistent": true
    }
  },
  "props": {
    "defaultSize": {
      "height": 50
    }
  },
  "root": {
    "children": [
      {
        "meta": {
          "name": "site"
        },
        "position": {
          "basis": "50px",
          "grow": 1
        },
        "propConfig": {
          "props.text": {
            "binding": {
              "config": {
                "path": "view.params.params.site"
              },
              "type": "property"
            }
          }
        },
        "type": "ia.display.label"
      },
      {
        "meta": {
          "name": "activity_location"
        },
        "position": {
          "basis": "100px",
          "grow": 1
        },
        "propConfig": {
          "props.text": {
            "binding": {
              "config": {
                "path": "view.params.params.activity_location"
              },
              "type": "property"
            }
          }
        },
        "type": "ia.display.label"
      },
      {
        "meta": {
          "name": "work_activity"
        },
        "position": {
          "basis": "100px",
          "grow": 1
        },
        "propConfig": {
          "props.text": {
            "binding": {
              "config": {
                "path": "view.params.params.work_activity"
              },
              "type": "property"
            }
          }
        },
        "type": "ia.display.label"
      },
      {
        "meta": {
          "name": "activity_start_date"
        },
        "position": {
          "basis": "100px",
          "grow": 1
        },
        "propConfig": {
          "props.text": {
            "binding": {
              "config": {
                "path": "view.params.params.activity_start_date"
              },
              "type": "property"
            }
          }
        },
        "type": "ia.display.label"
      },
      {
        "meta": {
          "name": "activity_end_date"
        },
        "position": {
          "basis": "100px",
          "grow": 1
        },
        "propConfig": {
          "props.text": {
            "binding": {
              "config": {
                "path": "view.params.params.activity_end_date"
              },
              "type": "property"
            }
          }
        },
        "type": "ia.display.label"
      },
      {
        "meta": {
          "name": "supervisor_approved"
        },
        "position": {
          "basis": "100px",
          "grow": 1
        },
        "propConfig": {
          "props.text": {
            "binding": {
              "config": {
                "path": "view.params.params.supervisor_approved"
              },
              "type": "property"
            }
          }
        },
        "type": "ia.display.label"
      },
      {
        "meta": {
          "name": "worker_signatures_required"
        },
        "position": {
          "basis": "100px",
          "grow": 1
        },
        "propConfig": {
          "props.text": {
            "binding": {
              "config": {
                "path": "view.params.params.worker_signatures_required"
              },
              "type": "property"
            }
          }
        },
        "type": "ia.display.label"
      },
      {
        "meta": {
          "name": "worker_signatures_required_0"
        },
        "position": {
          "basis": "100px",
          "grow": 1
        },
        "propConfig": {
          "props.text": {
            "binding": {
              "config": {
                "path": "view.params.params.workers_signed"
              },
              "type": "property"
            }
          }
        },
        "type": "ia.display.label"
      },
      {
        "meta": {
          "name": "user_signature_required"
        },
        "position": {
          "basis": "100px",
          "grow": 1
        },
        "propConfig": {
          "props.text": {
            "binding": {
              "config": {
                "path": "view.params.params.user_signature_required"
              },
              "type": "property"
            }
          }
        },
        "type": "ia.display.label"
      },
      {
        "meta": {
          "name": "status"
        },
        "position": {
          "basis": "100px",
          "grow": 1
        },
        "propConfig": {
          "props.text": {
            "binding": {
              "config": {
                "path": "view.params.params.status"
              },
              "type": "property"
            }
          }
        },
        "type": "ia.display.label"
      }
    ],
    "meta": {
      "name": "root"
    },
    "props": {
      "style": {
        "fontWeight": "bold"
      }
    },
    "type": "ia.container.flex"
  }
}