{
  "custom": {},
  "params": {
    "e": {
      "no": 1,
      "reason": "",
      "status": 1,
      "steps": "Entry into site.\nAll personnel to be inducted\nSign on Permit\nToolbox Talks (DSTI, TSTI, etc.)\n",
      "task_id": 107
    },
    "no": 1,
    "reason": "",
    "selected": false,
    "status": 0,
    "steps": "Entry into site.\nAll personnel to be inducted\nSign on Permit\nToolbox Talks (DSTI, TSTI, etc.)\n",
    "task_id": 107
  },
  "propConfig": {
    "params.e": {
      "paramDirection": "input",
      "persistent": true
    },
    "params.no": {
      "paramDirection": "input",
      "persistent": true
    },
    "params.reason": {
      "paramDirection": "inout",
      "persistent": true
    },
    "params.selected": {
      "paramDirection": "inout",
      "persistent": true
    },
    "params.status": {
      "paramDirection": "inout",
      "persistent": true
    },
    "params.steps": {
      "paramDirection": "input",
      "persistent": true
    },
    "params.task_id": {
      "paramDirection": "input",
      "persistent": true
    }
  },
  "props": {
    "defaultSize": {
      "height": 150,
      "width": 1100
    }
  },
  "root": {
    "children": [
      {
        "children": [
          {
            "meta": {
              "name": "Label"
            },
            "position": {
              "basis": "30px"
            },
            "propConfig": {
              "props.text": {
                "binding": {
                  "config": {
                    "path": "view.params.no"
                  },
                  "type": "property"
                }
              }
            },
            "props": {
              "alignVertical": "top",
              "style": {
                "classes": "Method_Statement/subtext",
                "marginTop": 10
              }
            },
            "type": "ia.display.label"
          },
          {
            "meta": {
              "name": "TextArea_0"
            },
            "position": {
              "basis": "560px",
              "grow": 1
            },
            "propConfig": {
              "props.text": {
                "binding": {
                  "config": {
                    "path": "view.params.steps"
                  },
                  "type": "property"
                }
              }
            },
            "props": {
              "style": {
                "classes": "Method_Statement/textarea"
              }
            },
            "type": "ia.input.text-area"
          },
          {
            "children": [
              {
                "meta": {
                  "name": "Dropdown"
                },
                "position": {
                  "basis": "25px"
                },
                "propConfig": {
                  "props.value": {
                    "binding": {
                      "config": {
                        "bidirectional": true,
                        "path": "view.params.status"
                      },
                      "type": "property"
                    }
                  }
                },
                "props": {
                  "options": [
                    {
                      "label": "Completed",
                      "value": 0
                    },
                    {
                      "label": "Cannot Be Completed",
                      "value": 1
                    }
                  ],
                  "placeholder": {
                    "text": "Select Status"
                  }
                },
                "type": "ia.input.dropdown"
              },
              {
                "meta": {
                  "name": "TextArea"
                },
                "position": {
                  "basis": "63px",
                  "grow": 1
                },
                "propConfig": {
                  "props.enabled": {
                    "binding": {
                      "config": {
                        "expression": "if({../Dropdown.props.value} \u003d 1, True, False)"
                      },
                      "type": "expr"
                    }
                  },
                  "props.text": {
                    "binding": {
                      "config": {
                        "bidirectional": true,
                        "path": "view.params.reason"
                      },
                      "type": "property"
                    }
                  }
                },
                "props": {
                  "style": {
                    "backgroundColor": "white",
                    "marginBottom": 5,
                    "marginTop": 5
                  }
                },
                "type": "ia.input.text-area"
              }
            ],
            "meta": {
              "name": "status"
            },
            "position": {
              "basis": "40px",
              "grow": 1
            },
            "props": {
              "direction": "column",
              "style": {
                "backgroundColor": "white",
                "paddingLeft": 10,
                "paddingRight": 10
              }
            },
            "type": "ia.container.flex"
          },
          {
            "children": [
              {
                "custom": {
                  "key": {
                    "$": [
                      "ts",
                      192,
                      1762487821931
                    ],
                    "$ts": 1762487821931
                  }
                },
                "events": {
                  "dom": {
                    "onClick": {
                      "config": {
                        "script": "\tstatus\t\t\t\t\u003d self.parent.parent.getChild(\"status\").getChild(\"Dropdown\").props.value\n\ttask_completed  \t\u003d  True if status \u003d\u003d 0 else False\n\ttask_closed \t\t\u003d  True if status \u003d\u003d 1 else False\n\treason_closed  \t\t\u003d  self.view.params.reason if task_closed \u003d\u003d True else \u0027\u0027\n\ttask_id\t\t\t\t \u003d self.view.params.task_id\n\t\n\tpath \t\u003d \u0027task/update\u0027\n\tparams\t\u003d {\u0027task_completed\u0027: task_completed, \u0027task_closed\u0027: task_closed, \u0027reason_closed\u0027: reason_closed, \u0027task_id\u0027: task_id}\n\tsystem.db.runNamedQuery(path, params)\n\tself.custom.key \u003d system.date.now()\n\tsystem.perspective.openPopup(\u0027submission_successful\u0027, \u0027Popups/Submission Successful\u0027, position\u003d{\n\t\t\t\t\t\t        \"type\": \"mouse\"  # makes the popup appear at the mouse location\n\t\t\t\t\t\t    })"
                      },
                      "scope": "G",
                      "type": "script"
                    }
                  }
                },
                "meta": {
                  "name": "Button",
                  "tooltip": {
                    "text": "click to remove selected tools"
                  }
                },
                "position": {
                  "basis": "25px",
                  "shrink": 0
                },
                "props": {
                  "style": {
                    "classes": "Method_Statement/control_button"
                  },
                  "text": "Update Task Status"
                },
                "type": "ia.input.button"
              }
            ],
            "meta": {
              "name": "FlexContainer_0"
            },
            "position": {
              "basis": "40px",
              "grow": 1
            },
            "props": {
              "direction": "column",
              "style": {
                "backgroundColor": "white",
                "paddingLeft": 10,
                "paddingRight": 10
              }
            },
            "type": "ia.container.flex"
          }
        ],
        "meta": {
          "name": "FlexContainer"
        },
        "position": {
          "grow": 1
        },
        "type": "ia.container.flex"
      }
    ],
    "events": {
      "dom": {
        "onClick": {
          "config": {
            "script": "\tselected\t\u003d self.view.params.selected\n\t\n\tif selected \u003d\u003d True:\n\t\tself.view.params.selected \u003d False\n\telse:\n\t\tself.view.params.selected \u003d True"
          },
          "enabled": false,
          "scope": "G",
          "type": "script"
        }
      }
    },
    "meta": {
      "name": "root"
    },
    "propConfig": {
      "props.style.classes": {
        "binding": {
          "config": {
            "path": "view.params.selected"
          },
          "transforms": [
            {
              "code": "\tif value \u003d\u003d True:\n\t\treturn \u0027Method_Statement/highlight_selected_item\u0027\n\telse:\n\t\treturn \u0027\u0027",
              "type": "script"
            }
          ],
          "type": "property"
        }
      }
    },
    "props": {
      "direction": "column",
      "style": {
        "borderBottomColor": "lightgrey",
        "borderBottomStyle": "solid",
        "borderBottomWidth": 1,
        "cursor": "pointer",
        "marginBottom": 2,
        "marginTop": 2,
        "overflow": "visible",
        "padding": 2
      }
    },
    "type": "ia.container.flex"
  }
}