{
  "custom": {},
  "params": {
    "id": "value",
    "params": {
      "activity_end_date": "value",
      "activity_location": "value",
      "activity_start_date": "value",
      "site": "value",
      "status": "value",
      "supervisor_approved": "value",
      "user_signature_required": false,
      "work_activity": "value",
      "worker_signatures_required": "value",
      "workers_signed": "value"
    }
  },
  "propConfig": {
    "params.id": {
      "paramDirection": "input",
      "persistent": true
    },
    "params.params": {
      "paramDirection": "input",
      "persistent": true
    }
  },
  "props": {
    "defaultSize": {
      "height": 50
    }
  },
  "root": {
    "children": [
      {
        "meta": {
          "name": "site"
        },
        "position": {
          "basis": "50px",
          "grow": 1
        },
        "propConfig": {
          "props.text": {
            "binding": {
              "config": {
                "path": "view.params.params.site"
              },
              "type": "property"
            }
          }
        },
        "type": "ia.display.label"
      },
      {
        "meta": {
          "name": "activity_location"
        },
        "position": {
          "basis": "100px",
          "grow": 1
        },
        "propConfig": {
          "props.text": {
            "binding": {
              "config": {
                "path": "view.params.params.activity_location"
              },
              "type": "property"
            }
          }
        },
        "type": "ia.display.label"
      },
      {
        "meta": {
          "name": "work_activity"
        },
        "position": {
          "basis": "100px",
          "grow": 1
        },
        "propConfig": {
          "props.text": {
            "binding": {
              "config": {
                "path": "view.params.params.work_activity"
              },
              "type": "property"
            }
          }
        },
        "type": "ia.display.label"
      },
      {
        "meta": {
          "name": "activity_start_date"
        },
        "position": {
          "basis": "100px",
          "grow": 1
        },
        "propConfig": {
          "props.text": {
            "binding": {
              "config": {
                "path": "view.params.params.activity_start_date"
              },
              "type": "property"
            }
          }
        },
        "type": "ia.display.label"
      },
      {
        "meta": {
          "name": "activity_end_date"
        },
        "position": {
          "basis": "100px",
          "grow": 1
        },
        "propConfig": {
          "props.text": {
            "binding": {
              "config": {
                "path": "view.params.params.activity_end_date"
              },
              "type": "property"
            }
          }
        },
        "type": "ia.display.label"
      },
      {
        "children": [
          {
            "meta": {
              "name": "supervisor_approved"
            },
            "position": {
              "shrink": 0
            },
            "propConfig": {
              "props.selected": {
                "binding": {
                  "config": {
                    "path": "view.params.params.supervisor_approved"
                  },
                  "type": "property"
                }
              }
            },
            "props": {
              "checkedIcon": {
                "color": {
                  "disabled": "#003E69"
                }
              },
              "enabled": false,
              "text": ""
            },
            "type": "ia.input.checkbox"
          }
        ],
        "meta": {
          "name": "FlexContainer"
        },
        "position": {
          "basis": "100px",
          "grow": 1
        },
        "type": "ia.container.flex"
      },
      {
        "meta": {
          "name": "worker_signatures_required"
        },
        "position": {
          "basis": "100px",
          "grow": 1
        },
        "propConfig": {
          "props.text": {
            "binding": {
              "config": {
                "path": "view.params.params.worker_signatures_required"
              },
              "type": "property"
            }
          }
        },
        "type": "ia.display.label"
      },
      {
        "meta": {
          "name": "worker_signatures_required_0"
        },
        "position": {
          "basis": "100px",
          "grow": 1
        },
        "propConfig": {
          "props.text": {
            "binding": {
              "config": {
                "path": "view.params.params.workers_signed"
              },
              "type": "property"
            }
          }
        },
        "type": "ia.display.label"
      },
      {
        "children": [
          {
            "meta": {
              "name": "supervisor_approved"
            },
            "position": {
              "shrink": 0
            },
            "propConfig": {
              "props.selected": {
                "binding": {
                  "config": {
                    "path": "view.params.params.user_signature_required"
                  },
                  "type": "property"
                }
              }
            },
            "props": {
              "checkedIcon": {
                "color": {
                  "disabled": "#003E69"
                }
              },
              "enabled": false,
              "text": ""
            },
            "type": "ia.input.checkbox"
          }
        ],
        "meta": {
          "name": "user_signature_required"
        },
        "position": {
          "basis": "100px",
          "grow": 1
        },
        "type": "ia.container.flex"
      },
      {
        "meta": {
          "name": "status"
        },
        "position": {
          "basis": "100px",
          "grow": 1
        },
        "propConfig": {
          "props.text": {
            "binding": {
              "config": {
                "path": "view.params.params.status"
              },
              "type": "property"
            }
          }
        },
        "type": "ia.display.label"
      }
    ],
    "events": {
      "dom": {
        "onDoubleClick": {
          "config": {
            "params": {
              "id": "{view.params.id}",
              "params": "{view.params.params}"
            },
            "view": "Page/View Method Statement"
          },
          "scope": "C",
          "type": "nav"
        }
      }
    },
    "meta": {
      "name": "root"
    },
    "props": {
      "style": {
        "classes": "Method_Statement/hover",
        "cursor": "pointer"
      }
    },
    "type": "ia.container.flex"
  }
}