{
  "custom": {},
  "params": {
    "no": 100,
    "selected": false,
    "steps": "Identify scope of work with Client person in charge. Identify and follow lockout procedure Disconnect cables from motors Modify and install cable racks Strap down all cables installed Gland and terminate all cables installed. Install and connect earthing Commission all cables installed."
  },
  "propConfig": {
    "params.no": {
      "paramDirection": "input",
      "persistent": true
    },
    "params.selected": {
      "paramDirection": "inout",
      "persistent": true
    },
    "params.steps": {
      "paramDirection": "input",
      "persistent": true
    }
  },
  "props": {
    "defaultSize": {
      "height": 100,
      "width": 590
    }
  },
  "root": {
    "children": [
      {
        "children": [
          {
            "meta": {
              "name": "Label"
            },
            "position": {
              "basis": "30px"
            },
            "propConfig": {
              "props.text": {
                "binding": {
                  "config": {
                    "path": "view.params.no"
                  },
                  "type": "property"
                }
              }
            },
            "props": {
              "alignVertical": "top",
              "style": {
                "classes": "Method_Statement/subtext",
                "marginTop": 10
              }
            },
            "type": "ia.display.label"
          },
          {
            "meta": {
              "name": "TextArea_0"
            },
            "position": {
              "basis": "90px",
              "grow": 1
            },
            "propConfig": {
              "props.text": {
                "binding": {
                  "config": {
                    "path": "view.params.steps"
                  },
                  "type": "property"
                }
              }
            },
            "props": {
              "style": {
                "classes": "Method_Statement/textarea"
              }
            },
            "type": "ia.input.text-area"
          }
        ],
        "meta": {
          "name": "FlexContainer"
        },
        "position": {
          "grow": 1
        },
        "type": "ia.container.flex"
      }
    ],
    "events": {
      "dom": {
        "onClick": {
          "config": {
            "script": "\tselected\t\u003d self.view.params.selected\n\t\n\tif selected \u003d\u003d True:\n\t\tself.view.params.selected \u003d False\n\telse:\n\t\tself.view.params.selected \u003d True"
          },
          "scope": "G",
          "type": "script"
        }
      }
    },
    "meta": {
      "name": "root"
    },
    "propConfig": {
      "props.style.classes": {
        "binding": {
          "config": {
            "path": "view.params.selected"
          },
          "transforms": [
            {
              "code": "\tif value \u003d\u003d True:\n\t\treturn \u0027Method_Statement/highlight_selected_item\u0027\n\telse:\n\t\treturn \u0027\u0027",
              "type": "script"
            }
          ],
          "type": "property"
        }
      }
    },
    "props": {
      "direction": "column",
      "style": {
        "borderBottomColor": "lightgrey",
        "borderBottomStyle": "solid",
        "borderBottomWidth": 1,
        "cursor": "pointer",
        "overflow": "visible"
      }
    },
    "type": "ia.container.flex"
  }
}