{
  "custom": {},
  "params": {
    "params": {},
    "size": "medium"
  },
  "propConfig": {
    "params.params": {
      "paramDirection": "input",
      "persistent": true
    },
    "params.size": {
      "paramDirection": "input"
    }
  },
  "props": {
    "defaultSize": {
      "height": 58
    }
  },
  "root": {
    "children": [
      {
        "meta": {
          "hasDelegate": true,
          "name": "Spacer Start"
        },
        "position": {
          "basis": "16px",
          "shrink": 0
        },
        "props": {
          "text": " "
        },
        "type": "ia.display.label"
      },
      {
        "events": {
          "dom": {
            "onClick": {
              "config": {
                "id": "menu",
                "type": "toggle"
              },
              "scope": "C",
              "type": "dock"
            }
          }
        },
        "meta": {
          "name": "Menu Dock"
        },
        "position": {
          "basis": "24px",
          "shrink": 0
        },
        "propConfig": {
          "position.display": {
            "binding": {
              "config": {
                "expression": "{view.params.size} !\u003d \"large\""
              },
              "type": "expr"
            }
          }
        },
        "props": {
          "path": "material/menu",
          "style": {
            "classes": "Header/Icon",
            "marginRight": "10px"
          }
        },
        "type": "ia.display.icon"
      },
      {
        "meta": {
          "hasDelegate": true,
          "name": "Header"
        },
        "position": {
          "grow": 1
        },
        "propConfig": {
          "props.text": {
            "binding": {
              "config": {
                "path": "page.props.title"
              },
              "type": "property"
            }
          }
        },
        "props": {
          "style": {
            "fontSize": "14px",
            "fontWeight": "bold"
          }
        },
        "type": "ia.display.label"
      },
      {
        "meta": {
          "name": "Dropdown"
        },
        "position": {
          "basis": "124px",
          "display": false,
          "shrink": 0
        },
        "propConfig": {
          "props.value": {
            "binding": {
              "config": {
                "bidirectional": true,
                "path": "session.props.theme"
              },
              "type": "property"
            }
          }
        },
        "props": {
          "options": [
            {
              "label": "light",
              "value": "light"
            },
            {
              "label": "light-cool",
              "value": "light-cool"
            },
            {
              "label": "light-warm",
              "value": "light-warm"
            },
            {
              "label": "dark",
              "value": "dark"
            },
            {
              "label": "dark-cool",
              "value": "dark-cool"
            },
            {
              "label": "dark-warm",
              "value": "dark-warm"
            }
          ],
          "search": {
            "enabled": false
          },
          "style": {
            "classes": "Header/DropDown",
            "textAlign": "left"
          }
        },
        "type": "ia.input.dropdown"
      },
      {
        "events": {
          "dom": {
            "onClick": {
              "config": {
                "script": "\tif self.session.props.auth.authenticated:\n\t\tsystem.perspective.logout()\n\telse:\n\t\tsystem.perspective.login()"
              },
              "scope": "G",
              "type": "script"
            }
          }
        },
        "meta": {
          "name": "User"
        },
        "position": {
          "basis": "25px",
          "shrink": 0
        },
        "props": {
          "path": "material/person",
          "style": {
            "classes": "Header/Icon"
          }
        },
        "type": "ia.display.icon"
      },
      {
        "events": {
          "dom": {
            "onClick": {
              "config": {
                "script": "\tif self.session.props.auth.authenticated:\n\t\tsystem.perspective.logout()\n\telse:\n\t\tsystem.perspective.login()"
              },
              "scope": "G",
              "type": "script"
            }
          }
        },
        "meta": {
          "hasDelegate": true,
          "name": "Sign In"
        },
        "position": {
          "shrink": 0
        },
        "propConfig": {
          "position.display": {
            "binding": {
              "config": {
                "expression": "{view.params.size} !\u003d \"small\""
              },
              "type": "expr"
            }
          },
          "props.text": {
            "binding": {
              "config": {
                "path": "session.props.auth.user.userName"
              },
              "transforms": [
                {
                  "expression": "if({value} \u003d null || len({value}) \u003d 0, \"Sign In\", {value})",
                  "type": "expression"
                }
              ],
              "type": "property"
            }
          }
        },
        "props": {
          "style": {
            "classes": "Header/Icon",
            "cursor": "pointer",
            "fontSize": "12px",
            "marginLeft": "4px"
          }
        },
        "type": "ia.display.label"
      },
      {
        "meta": {
          "hasDelegate": true,
          "name": "Spacer 2"
        },
        "position": {
          "basis": "10px",
          "shrink": 0
        },
        "props": {
          "text": " "
        },
        "type": "ia.display.label"
      },
      {
        "events": {
          "dom": {
            "onClick": {
              "config": {
                "page": "/alarms"
              },
              "scope": "C",
              "type": "nav"
            }
          }
        },
        "meta": {
          "name": "Alarm Icon"
        },
        "position": {
          "basis": "26px",
          "display": false,
          "shrink": 0
        },
        "propConfig": {
          "props.style.classes": {
            "binding": {
              "config": {
                "path": "../Alarms.custom.numAlarms"
              },
              "transforms": [
                {
                  "expression": "if({value} \u003e 0, \"Header/Alarm_Active\", \"Header/Icon\")",
                  "type": "expression"
                }
              ],
              "type": "property"
            }
          }
        },
        "props": {
          "path": "material/alarm"
        },
        "type": "ia.display.icon"
      },
      {
        "events": {
          "dom": {
            "onClick": {
              "config": {
                "page": "/alarms"
              },
              "scope": "C",
              "type": "nav"
            }
          }
        },
        "meta": {
          "hasDelegate": true,
          "name": "Alarms"
        },
        "position": {
          "display": false,
          "shrink": 0
        },
        "propConfig": {
          "custom.numAlarms": {
            "binding": {
              "config": {
                "expression": "now(2000)"
              },
              "transforms": [
                {
                  "code": "\treturn len(system.alarm.queryStatus(state\u003d[\"ActiveUnacked\"]))",
                  "type": "script"
                }
              ],
              "type": "expr"
            }
          },
          "position.display": {
            "binding": {
              "config": {
                "expression": "{view.params.size} !\u003d \"small\""
              },
              "enabled": false,
              "type": "expr"
            }
          },
          "props.style.classes": {
            "binding": {
              "config": {
                "path": "../Alarms.custom.numAlarms"
              },
              "transforms": [
                {
                  "expression": "if({value} \u003e 0, \"Header/Alarm_Active\", \"\")",
                  "type": "expression"
                }
              ],
              "type": "property"
            }
          },
          "props.text": {
            "binding": {
              "config": {
                "path": "this.custom.numAlarms"
              },
              "transforms": [
                {
                  "expression": "numberFormat({value}, \"#,##0\") + \" alarm\" + if({value} \u003e 1 || {value} \u003d 0, \"s\", \"\")",
                  "type": "expression"
                }
              ],
              "type": "property"
            }
          }
        },
        "props": {
          "style": {
            "cursor": "pointer",
            "marginLeft": "6px"
          }
        },
        "type": "ia.display.label"
      },
      {
        "meta": {
          "hasDelegate": true,
          "name": "Spacer End"
        },
        "position": {
          "basis": "16px",
          "shrink": 0
        },
        "props": {
          "text": " "
        },
        "type": "ia.display.label"
      }
    ],
    "meta": {
      "name": "root"
    },
    "propConfig": {
      "props.style.backgroundColor": {
        "binding": {
          "config": {
            "path": "session.props.theme"
          },
          "transforms": [
            {
              "code": "\tif \"dark\" in value:\n\t\treturn \"var(--neutral-10)\"\n\telse:\n\t\treturn \"\"",
              "type": "script"
            }
          ],
          "type": "property"
        }
      }
    },
    "props": {
      "style": {
        "classes": "Header/Header"
      }
    },
    "type": "ia.container.flex"
  }
}