{
  "custom": {},
  "params": {
    "label": "Total",
    "num": 50
  },
  "propConfig": {
    "params.label": {
      "paramDirection": "input",
      "persistent": true
    },
    "params.num": {
      "paramDirection": "input",
      "persistent": true
    }
  },
  "props": {
    "defaultSize": {
      "height": 250,
      "width": 250
    }
  },
  "root": {
    "children": [
      {
        "meta": {
          "name": "Label"
        },
        "position": {
          "basis": "23px"
        },
        "propConfig": {
          "props.text": {
            "binding": {
              "config": {
                "path": "view.params.label"
              },
              "type": "property"
            }
          }
        },
        "props": {
          "style": {
            "classes": "Dashboard/label",
            "fontSize": "11px",
            "overflowWrap": "normal"
          }
        },
        "type": "ia.display.label"
      },
      {
        "meta": {
          "name": "Label_0"
        },
        "position": {
          "basis": "23px",
          "grow": 1
        },
        "propConfig": {
          "props.text": {
            "binding": {
              "config": {
                "path": "view.params.num"
              },
              "type": "property"
            }
          }
        },
        "props": {
          "style": {
            "classes": "Dashboard/number",
            "fontSize": 16
          }
        },
        "type": "ia.display.label"
      }
    ],
    "meta": {
      "name": "root"
    },
    "props": {
      "direction": "column",
      "style": {
        "classes": "Dashboard/card",
        "margin": 1,
        "padding": 0
      }
    },
    "type": "ia.container.flex"
  }
}