{
  "custom": {},
  "params": {},
  "props": {
    "defaultSize": {
      "width": 300
    }
  },
  "root": {
    "children": [
      {
        "meta": {
          "name": "EmbeddedView"
        },
        "position": {
          "basis": "60px",
          "shrink": 0
        },
        "props": {
          "path": "Header/Header Mobile"
        },
        "type": "ia.display.view"
      },
      {
        "children": [
          {
            "events": {
              "dom": {
                "onClick": {
                  "config": {
                    "script": "\tif \u0027Tool Inventory Supervisor\u0027 in self.session.props.auth.user.roles:\n\t\tsystem.perspective.openPopup(\u0027popup\u0027, \u0027Page/Add New Tool\u0027, title \u003d \u0027Add New Tool\u0027 , modal \u003d True)\n\telse:\n\t\tsystem.perspective.openPopup(\u0027popup\u0027, \u0027Popups/Permission Denied\u0027, params \u003d {\u0027text\u0027: \u0027Tool Inventory Supervisor Role Required\u0027}, modal \u003d True)"
                  },
                  "scope": "G",
                  "type": "script"
                }
              }
            },
            "meta": {
              "name": "Button",
              "tooltip": {
                "text": "click to remove selected tools"
              }
            },
            "position": {
              "basis": "117px"
            },
            "props": {
              "style": {
                "classes": "Method_Statement/control_button",
                "font-size": "10px"
              },
              "text": "Add New Tool"
            },
            "type": "ia.input.button"
          },
          {
            "events": {
              "dom": {
                "onClick": {
                  "config": {
                    "script": "\tif \u0027Tool Inventory Supervisor\u0027 in self.session.props.auth.user.roles:\n\t\tsystem.perspective.openPopup(\u0027popup\u0027, \u0027Page/Update Tool\u0027, title \u003d \u0027Confirm Tool Return Status\u0027 , modal \u003d True)\n\telse:\n\t\tsystem.perspective.openPopup(\u0027popup\u0027, \u0027Popups/Permission Denied\u0027, params \u003d {\u0027text\u0027: \u0027Tool Inventory Supervisor Role Required\u0027}, modal \u003d True)"
                  },
                  "scope": "G",
                  "type": "script"
                }
              }
            },
            "meta": {
              "name": "Button_0",
              "tooltip": {
                "text": "click to remove selected tools"
              }
            },
            "props": {
              "style": {
                "classes": "Method_Statement/control_button",
                "font-size": "10px"
              },
              "text": "Confirm Tool Return Status"
            },
            "type": "ia.input.button"
          }
        ],
        "meta": {
          "name": "FlexContainer_5"
        },
        "position": {
          "basis": "30px",
          "shrink": 0
        },
        "props": {
          "alignItems": "flex-end",
          "justify": "flex-end",
          "style": {
            "classes": "Method_Statement/card"
          }
        },
        "type": "ia.container.flex"
      },
      {
        "meta": {
          "name": "Table"
        },
        "position": {
          "basis": "780px",
          "grow": 1
        },
        "propConfig": {
          "props.data": {
            "binding": {
              "config": {
                "polling": {
                  "enabled": true,
                  "rate": "30"
                },
                "queryPath": "tool_inventory/select_all"
              },
              "type": "query"
            }
          }
        },
        "props": {
          "bodyStyle": {
            "backgroundColor": "transparent"
          },
          "cells": {
            "style": {
              "fontSize": "10px"
            }
          },
          "columns": [
            {
              "align": "center",
              "boolean": "checkbox",
              "dateFormat": "MM/DD/YYYY",
              "editable": false,
              "field": "tool_id",
              "filter": {
                "boolean": {
                  "condition": ""
                },
                "date": {
                  "condition": "",
                  "value": ""
                },
                "enabled": false,
                "number": {
                  "condition": "",
                  "value": ""
                },
                "string": {
                  "condition": "",
                  "value": ""
                },
                "visible": "on-hover"
              },
              "footer": {
                "align": "center",
                "justify": "left",
                "style": {
                  "classes": ""
                },
                "title": ""
              },
              "header": {
                "align": "center",
                "justify": "left",
                "style": {
                  "classes": "",
                  "fontSize": "11px"
                },
                "title": "id"
              },
              "justify": "left",
              "nullFormat": {
                "includeNullStrings": false,
                "nullFormatValue": "",
                "strict": false
              },
              "number": "value",
              "numberFormat": "0,0.##",
              "progressBar": {
                "bar": {
                  "color": "",
                  "style": {
                    "classes": ""
                  }
                },
                "max": 100,
                "min": 0,
                "track": {
                  "color": "",
                  "style": {
                    "classes": ""
                  }
                },
                "value": {
                  "enabled": true,
                  "format": "0,0.##",
                  "justify": "center",
                  "style": {
                    "classes": ""
                  }
                }
              },
              "render": "auto",
              "resizable": true,
              "sort": "none",
              "sortable": true,
              "strictWidth": true,
              "style": {
                "classes": ""
              },
              "toggleSwitch": {
                "color": {
                  "selected": "",
                  "unselected": ""
                }
              },
              "viewParams": {},
              "viewPath": "",
              "visible": true,
              "width": 30
            },
            {
              "align": "center",
              "boolean": "checkbox",
              "dateFormat": "MM/DD/YYYY",
              "editable": true,
              "field": "tool_name",
              "filter": {
                "boolean": {
                  "condition": ""
                },
                "date": {
                  "condition": "",
                  "value": ""
                },
                "enabled": false,
                "number": {
                  "condition": "",
                  "value": ""
                },
                "string": {
                  "condition": "",
                  "value": ""
                },
                "visible": "on-hover"
              },
              "footer": {
                "align": "center",
                "justify": "left",
                "style": {
                  "classes": ""
                },
                "title": ""
              },
              "header": {
                "align": "center",
                "justify": "left",
                "style": {
                  "classes": "",
                  "fontSize": "11px"
                },
                "title": "Name"
              },
              "justify": "auto",
              "nullFormat": {
                "includeNullStrings": false,
                "nullFormatValue": "",
                "strict": false
              },
              "number": "value",
              "numberFormat": "0,0.##",
              "progressBar": {
                "bar": {
                  "color": "",
                  "style": {
                    "classes": ""
                  }
                },
                "max": 100,
                "min": 0,
                "track": {
                  "color": "",
                  "style": {
                    "classes": ""
                  }
                },
                "value": {
                  "enabled": true,
                  "format": "0,0.##",
                  "justify": "center",
                  "style": {
                    "classes": ""
                  }
                }
              },
              "render": "auto",
              "resizable": true,
              "sort": "none",
              "sortable": true,
              "strictWidth": false,
              "style": {
                "classes": ""
              },
              "toggleSwitch": {
                "color": {
                  "selected": "",
                  "unselected": ""
                }
              },
              "viewParams": {},
              "viewPath": "",
              "visible": true,
              "width": 200
            },
            {
              "align": "center",
              "boolean": "checkbox",
              "dateFormat": "MM/DD/YYYY",
              "editable": true,
              "field": "brand",
              "filter": {
                "boolean": {
                  "condition": ""
                },
                "date": {
                  "condition": "",
                  "value": ""
                },
                "enabled": false,
                "number": {
                  "condition": "",
                  "value": ""
                },
                "string": {
                  "condition": "",
                  "value": ""
                },
                "visible": "on-hover"
              },
              "footer": {
                "align": "center",
                "justify": "left",
                "style": {
                  "classes": ""
                },
                "title": ""
              },
              "header": {
                "align": "center",
                "justify": "left",
                "style": {
                  "classes": "",
                  "fontSize": "11px"
                },
                "title": "Brand"
              },
              "justify": "auto",
              "nullFormat": {
                "includeNullStrings": false,
                "nullFormatValue": "",
                "strict": false
              },
              "number": "value",
              "numberFormat": "0,0.##",
              "progressBar": {
                "bar": {
                  "color": "",
                  "style": {
                    "classes": ""
                  }
                },
                "max": 100,
                "min": 0,
                "track": {
                  "color": "",
                  "style": {
                    "classes": ""
                  }
                },
                "value": {
                  "enabled": true,
                  "format": "0,0.##",
                  "justify": "center",
                  "style": {
                    "classes": ""
                  }
                }
              },
              "render": "auto",
              "resizable": true,
              "sort": "none",
              "sortable": true,
              "strictWidth": false,
              "style": {
                "classes": ""
              },
              "toggleSwitch": {
                "color": {
                  "selected": "",
                  "unselected": ""
                }
              },
              "viewParams": {},
              "viewPath": "",
              "visible": true,
              "width": 100
            },
            {
              "align": "center",
              "boolean": "checkbox",
              "dateFormat": "MM/DD/YYYY",
              "editable": false,
              "field": "size",
              "filter": {
                "boolean": {
                  "condition": ""
                },
                "date": {
                  "condition": "",
                  "value": ""
                },
                "enabled": false,
                "number": {
                  "condition": "",
                  "value": ""
                },
                "string": {
                  "condition": "",
                  "value": ""
                },
                "visible": "on-hover"
              },
              "footer": {
                "align": "center",
                "justify": "left",
                "style": {
                  "classes": ""
                },
                "title": ""
              },
              "header": {
                "align": "center",
                "justify": "left",
                "style": {
                  "classes": "",
                  "fontSize": "11px"
                },
                "title": "Size"
              },
              "justify": "center",
              "nullFormat": {
                "includeNullStrings": false,
                "nullFormatValue": "",
                "strict": false
              },
              "number": "value",
              "numberFormat": "0,0.##",
              "progressBar": {
                "bar": {
                  "color": "",
                  "style": {
                    "classes": ""
                  }
                },
                "max": 100,
                "min": 0,
                "track": {
                  "color": "",
                  "style": {
                    "classes": ""
                  }
                },
                "value": {
                  "enabled": true,
                  "format": "0,0.##",
                  "justify": "center",
                  "style": {
                    "classes": ""
                  }
                }
              },
              "render": "auto",
              "resizable": true,
              "sort": "none",
              "sortable": true,
              "strictWidth": false,
              "style": {
                "classes": ""
              },
              "toggleSwitch": {
                "color": {
                  "selected": "",
                  "unselected": ""
                }
              },
              "viewParams": {},
              "viewPath": "",
              "visible": true,
              "width": 50
            },
            {
              "align": "center",
              "boolean": "checkbox",
              "dateFormat": "DD MMM YYYY",
              "editable": false,
              "field": "quantity",
              "filter": {
                "boolean": {
                  "condition": ""
                },
                "date": {
                  "condition": "",
                  "value": ""
                },
                "enabled": false,
                "number": {
                  "condition": "",
                  "value": ""
                },
                "string": {
                  "condition": "",
                  "value": ""
                },
                "visible": "on-hover"
              },
              "footer": {
                "align": "center",
                "justify": "left",
                "style": {
                  "classes": ""
                },
                "title": ""
              },
              "header": {
                "align": "center",
                "justify": "left",
                "style": {
                  "classes": "",
                  "fontSize": "11px"
                },
                "title": "Quantity"
              },
              "justify": "center",
              "nullFormat": {
                "includeNullStrings": false,
                "nullFormatValue": "",
                "strict": false
              },
              "number": "value",
              "numberFormat": "0,0.##",
              "progressBar": {
                "bar": {
                  "color": "",
                  "style": {
                    "classes": ""
                  }
                },
                "max": 100,
                "min": 0,
                "track": {
                  "color": "",
                  "style": {
                    "classes": ""
                  }
                },
                "value": {
                  "enabled": true,
                  "format": "0,0.##",
                  "justify": "center",
                  "style": {
                    "classes": ""
                  }
                }
              },
              "render": "auto",
              "resizable": true,
              "sort": "none",
              "sortable": true,
              "strictWidth": true,
              "style": {
                "classes": ""
              },
              "toggleSwitch": {
                "color": {
                  "selected": "",
                  "unselected": ""
                }
              },
              "viewParams": {},
              "viewPath": "",
              "visible": true,
              "width": 70
            },
            {
              "align": "center",
              "boolean": "checkbox",
              "dateFormat": "MM/DD/YYYY",
              "editable": false,
              "field": "calc_available",
              "filter": {
                "boolean": {
                  "condition": ""
                },
                "date": {
                  "condition": "",
                  "value": ""
                },
                "enabled": false,
                "number": {
                  "condition": "",
                  "value": ""
                },
                "string": {
                  "condition": "",
                  "value": ""
                },
                "visible": "on-hover"
              },
              "footer": {
                "align": "center",
                "justify": "left",
                "style": {
                  "classes": ""
                },
                "title": ""
              },
              "header": {
                "align": "center",
                "justify": "left",
                "style": {
                  "classes": "",
                  "fontSize": "11px"
                },
                "title": "Available"
              },
              "justify": "center",
              "nullFormat": {
                "includeNullStrings": false,
                "nullFormatValue": "",
                "strict": false
              },
              "number": "value",
              "numberFormat": "0,0.##",
              "progressBar": {
                "bar": {
                  "color": "",
                  "style": {
                    "classes": ""
                  }
                },
                "max": 100,
                "min": 0,
                "track": {
                  "color": "",
                  "style": {
                    "classes": ""
                  }
                },
                "value": {
                  "enabled": true,
                  "format": "0,0.##",
                  "justify": "center",
                  "style": {
                    "classes": ""
                  }
                }
              },
              "render": "auto",
              "resizable": true,
              "sort": "none",
              "sortable": true,
              "strictWidth": true,
              "style": {
                "classes": ""
              },
              "toggleSwitch": {
                "color": {
                  "selected": "",
                  "unselected": ""
                }
              },
              "viewParams": {},
              "viewPath": "",
              "visible": true,
              "width": 70
            },
            {
              "align": "center",
              "boolean": "checkbox",
              "dateFormat": "MM/DD/YYYY",
              "editable": false,
              "field": "calc_checked_out",
              "filter": {
                "boolean": {
                  "condition": ""
                },
                "date": {
                  "condition": "",
                  "value": ""
                },
                "enabled": false,
                "number": {
                  "condition": "",
                  "value": ""
                },
                "string": {
                  "condition": "",
                  "value": ""
                },
                "visible": "on-hover"
              },
              "footer": {
                "align": "center",
                "justify": "left",
                "style": {
                  "classes": ""
                },
                "title": ""
              },
              "header": {
                "align": "center",
                "justify": "left",
                "style": {
                  "classes": "",
                  "fontSize": "11px"
                },
                "title": "Checked Out"
              },
              "justify": "center",
              "nullFormat": {
                "includeNullStrings": false,
                "nullFormatValue": "",
                "strict": false
              },
              "number": "value",
              "numberFormat": "0,0.##",
              "progressBar": {
                "bar": {
                  "color": "",
                  "style": {
                    "classes": ""
                  }
                },
                "max": 100,
                "min": 0,
                "track": {
                  "color": "",
                  "style": {
                    "classes": ""
                  }
                },
                "value": {
                  "enabled": true,
                  "format": "0,0.##",
                  "justify": "center",
                  "style": {
                    "classes": ""
                  }
                }
              },
              "render": "auto",
              "resizable": true,
              "sort": "none",
              "sortable": true,
              "strictWidth": true,
              "style": {
                "classes": ""
              },
              "toggleSwitch": {
                "color": {
                  "selected": "",
                  "unselected": ""
                }
              },
              "viewParams": {},
              "viewPath": "",
              "visible": true,
              "width": 100
            },
            {
              "align": "center",
              "boolean": "checkbox",
              "dateFormat": "MM/DD/YYYY",
              "editable": false,
              "field": "calc_under_maintenance",
              "filter": {
                "boolean": {
                  "condition": ""
                },
                "date": {
                  "condition": "",
                  "value": ""
                },
                "enabled": false,
                "number": {
                  "condition": "",
                  "value": ""
                },
                "string": {
                  "condition": "",
                  "value": ""
                },
                "visible": "on-hover"
              },
              "footer": {
                "align": "center",
                "justify": "left",
                "style": {
                  "classes": ""
                },
                "title": ""
              },
              "header": {
                "align": "center",
                "justify": "left",
                "style": {
                  "classes": "",
                  "fontSize": "11px"
                },
                "title": "Under Maintenance"
              },
              "justify": "center",
              "nullFormat": {
                "includeNullStrings": false,
                "nullFormatValue": "",
                "strict": false
              },
              "number": "value",
              "numberFormat": "0,0.##",
              "progressBar": {
                "bar": {
                  "color": "",
                  "style": {
                    "classes": ""
                  }
                },
                "max": 100,
                "min": 0,
                "track": {
                  "color": "",
                  "style": {
                    "classes": ""
                  }
                },
                "value": {
                  "enabled": true,
                  "format": "0,0.##",
                  "justify": "center",
                  "style": {
                    "classes": ""
                  }
                }
              },
              "render": "auto",
              "resizable": true,
              "sort": "none",
              "sortable": true,
              "strictWidth": true,
              "style": {
                "classes": ""
              },
              "toggleSwitch": {
                "color": {
                  "selected": "",
                  "unselected": ""
                }
              },
              "viewParams": {},
              "viewPath": "",
              "visible": true,
              "width": 140
            },
            {
              "align": "center",
              "boolean": "checkbox",
              "dateFormat": "MM/DD/YYYY",
              "editable": false,
              "field": "calc_lost",
              "filter": {
                "boolean": {
                  "condition": ""
                },
                "date": {
                  "condition": "",
                  "value": ""
                },
                "enabled": false,
                "number": {
                  "condition": "",
                  "value": ""
                },
                "string": {
                  "condition": "",
                  "value": ""
                },
                "visible": "on-hover"
              },
              "footer": {
                "align": "center",
                "justify": "left",
                "style": {
                  "classes": ""
                },
                "title": ""
              },
              "header": {
                "align": "center",
                "justify": "left",
                "style": {
                  "classes": "",
                  "fontSize": "11px"
                },
                "title": "Lost"
              },
              "justify": "center",
              "nullFormat": {
                "includeNullStrings": false,
                "nullFormatValue": "",
                "strict": false
              },
              "number": "value",
              "numberFormat": "0,0.##",
              "progressBar": {
                "bar": {
                  "color": "",
                  "style": {
                    "classes": ""
                  }
                },
                "max": 100,
                "min": 0,
                "track": {
                  "color": "",
                  "style": {
                    "classes": ""
                  }
                },
                "value": {
                  "enabled": true,
                  "format": "0,0.##",
                  "justify": "center",
                  "style": {
                    "classes": ""
                  }
                }
              },
              "render": "auto",
              "resizable": true,
              "sort": "none",
              "sortable": true,
              "strictWidth": true,
              "style": {
                "classes": ""
              },
              "toggleSwitch": {
                "color": {
                  "selected": "",
                  "unselected": ""
                }
              },
              "viewParams": {},
              "viewPath": "",
              "visible": true,
              "width": 50
            },
            {
              "align": "center",
              "boolean": "checkbox",
              "dateFormat": "DD MMM YYYY HH:mm",
              "editable": false,
              "field": "last_update_date",
              "filter": {
                "boolean": {
                  "condition": ""
                },
                "date": {
                  "condition": "",
                  "value": ""
                },
                "enabled": false,
                "number": {
                  "condition": "",
                  "value": ""
                },
                "string": {
                  "condition": "",
                  "value": ""
                },
                "visible": "on-hover"
              },
              "footer": {
                "align": "center",
                "justify": "left",
                "style": {
                  "classes": ""
                },
                "title": ""
              },
              "header": {
                "align": "center",
                "justify": "center",
                "style": {
                  "classes": "",
                  "fontSize": "11px",
                  "lineHeight": "1"
                },
                "title": "Last Update Timestamp"
              },
              "justify": "center",
              "nullFormat": {
                "includeNullStrings": false,
                "nullFormatValue": "",
                "strict": false
              },
              "number": "value",
              "numberFormat": "0,0.##",
              "progressBar": {
                "bar": {
                  "color": "",
                  "style": {
                    "classes": ""
                  }
                },
                "max": 100,
                "min": 0,
                "track": {
                  "color": "",
                  "style": {
                    "classes": ""
                  }
                },
                "value": {
                  "enabled": true,
                  "format": "0,0.##",
                  "justify": "center",
                  "style": {
                    "classes": ""
                  }
                }
              },
              "render": "auto",
              "resizable": true,
              "sort": "none",
              "sortable": true,
              "strictWidth": true,
              "style": {
                "classes": ""
              },
              "toggleSwitch": {
                "color": {
                  "selected": "",
                  "unselected": ""
                }
              },
              "viewParams": {},
              "viewPath": "",
              "visible": true,
              "width": 190
            }
          ],
          "filter": {
            "enabled": true,
            "style": {
              "backgroundColor": "transparent"
            }
          },
          "footerStyle": {
            "backgroundColor": "transparent"
          },
          "headerStyle": {
            "backgroundColor": "transparent"
          },
          "rows": {
            "striped": {
              "color": {
                "even": "var(--neutral-10)",
                "odd": "var(--neutral-0)"
              }
            }
          },
          "selection": {
            "enableColumnSelection": true
          }
        },
        "type": "ia.display.table"
      }
    ],
    "meta": {
      "name": "root"
    },
    "props": {
      "direction": "column",
      "style": {
        "classes": "Page/Page"
      }
    },
    "type": "ia.container.flex"
  }
}