{
  "custom": {},
  "params": {},
  "props": {
    "defaultSize": {
      "width": 955
    }
  },
  "root": {
    "children": [
      {
        "meta": {
          "name": "Label"
        },
        "position": {
          "height": 32,
          "width": 552,
          "x": 282,
          "y": 82
        },
        "props": {
          "style": {
            "fontFamily": "Merriweather",
            "fontSize": 50,
            "fontWeight": "bold"
          },
          "text": "FREQUENTLY ASKED"
        },
        "type": "ia.display.label"
      },
      {
        "meta": {
          "name": "Label_0"
        },
        "position": {
          "height": 32,
          "width": 79,
          "x": 426,
          "y": 151.5
        },
        "props": {
          "style": {
            "color": "#F81D1D",
            "fontFamily": "Merriweather",
            "fontSize": 50,
            "fontWeight": "bold"
          },
          "text": "QUESTIONS"
        },
        "type": "ia.display.label"
      },
      {
        "meta": {
          "name": "Label_1"
        },
        "position": {
          "height": 32,
          "width": 310,
          "x": 172.4375,
          "y": 223
        },
        "props": {
          "style": {
            "color": "#0B0000",
            "fontFamily": "inherit",
            "fontSize": 13,
            "fontWeight": "bold"
          },
          "text": "How do I access method statements?"
        },
        "type": "ia.display.label"
      },
      {
        "meta": {
          "name": "Label_3"
        },
        "position": {
          "height": 32,
          "width": 720,
          "x": 153.88,
          "y": 263.5
        },
        "props": {
          "style": {
            "color": "#020000",
            "fontFamily": "inherit",
            "fontSize": 12,
            "fontWeight": "lighter",
            "textAlign": "center"
          },
          "text": "Method statements can be viewed via the web app or mobile device. \nThey are stored centrally for easy access at any time."
        },
        "type": "ia.display.label"
      },
      {
        "meta": {
          "name": "Label_2"
        },
        "position": {
          "height": 32,
          "width": 310,
          "x": 172.3625,
          "y": 297.3
        },
        "props": {
          "style": {
            "color": "#0B0000",
            "fontFamily": "inherit",
            "fontSize": 13,
            "fontWeight": "bold"
          },
          "text": "How does tool tracking work?"
        },
        "type": "ia.display.label"
      },
      {
        "meta": {
          "name": "Label_4"
        },
        "position": {
          "height": 32,
          "rotate": {
            "anchor": "38% 138%"
          },
          "width": 310,
          "x": 172.8115,
          "y": 560.9
        },
        "props": {
          "style": {
            "color": "#0B0000",
            "fontFamily": "inherit",
            "fontSize": 13,
            "fontWeight": "bold"
          },
          "text": " What devices are supported?"
        },
        "type": "ia.display.label"
      },
      {
        "meta": {
          "name": "Label_5"
        },
        "position": {
          "height": 32,
          "width": 310,
          "x": 172.8245,
          "y": 651.5
        },
        "props": {
          "style": {
            "color": "#0B0000",
            "fontFamily": "inherit",
            "fontSize": 13,
            "fontWeight": "bold"
          },
          "text": "Is my data secure?"
        },
        "type": "ia.display.label"
      },
      {
        "meta": {
          "name": "Label_6"
        },
        "position": {
          "height": 32,
          "rotate": {
            "anchor": "25% -106%"
          },
          "width": 310,
          "x": 172.3745,
          "y": 375.9
        },
        "props": {
          "style": {
            "color": "#0B0000",
            "fontFamily": "inherit",
            "fontSize": 13,
            "fontWeight": "bold"
          },
          "text": "What if a tool goes missing?"
        },
        "type": "ia.display.label"
      },
      {
        "meta": {
          "name": "Label_7"
        },
        "position": {
          "height": 32,
          "width": 310,
          "x": 172.0115,
          "y": 469.29998779296875
        },
        "props": {
          "style": {
            "color": "#0B0000",
            "fontFamily": "inherit",
            "fontSize": 13,
            "fontWeight": "bold"
          },
          "text": "How do I access method statements?"
        },
        "type": "ia.display.label"
      },
      {
        "meta": {
          "name": "Label_8"
        },
        "position": {
          "height": 32,
          "width": 730,
          "x": 172.6695,
          "y": 698
        },
        "props": {
          "style": {
            "color": "#020000",
            "fontFamily": "inherit",
            "fontSize": 12,
            "fontWeight": "lighter",
            "textAlign": "start"
          },
          "text": "Yes. All data is encrypted and stored securely in Mzukulu Technologies’ operational database, accessible only to authorized users."
        },
        "type": "ia.display.label"
      },
      {
        "meta": {
          "name": "Label_9"
        },
        "position": {
          "height": 32,
          "rotate": {
            "anchor": "56% 38%"
          },
          "width": 619,
          "x": 171.96,
          "y": 418.2
        },
        "props": {
          "style": {
            "color": "#020000",
            "fontFamily": "inherit",
            "fontSize": 12,
            "fontWeight": "lighter",
            "textAlign": "start"
          },
          "text": "The system provides a log history to trace who last used the tool and when it was last checked in. "
        },
        "type": "ia.display.label"
      },
      {
        "meta": {
          "name": "Label_10"
        },
        "position": {
          "height": 32,
          "width": 518,
          "x": 172.1055,
          "y": 602.9
        },
        "props": {
          "style": {
            "color": "#020000",
            "fontFamily": "inherit",
            "fontSize": 12,
            "fontWeight": "lighter",
            "textAlign": "start"
          },
          "text": "The MSMS works on desktops, tablets, and mobile devices via any modern web browser."
        },
        "type": "ia.display.label"
      },
      {
        "meta": {
          "name": "Label_11"
        },
        "position": {
          "height": 32,
          "width": 661,
          "x": 172.94,
          "y": 338.1
        },
        "props": {
          "style": {
            "color": "#020000",
            "fontFamily": "inherit",
            "fontSize": 12,
            "fontWeight": "lighter",
            "textAlign": "start"
          },
          "text": "Tools are logged when checked out or returned. The system records who used the tool, when, and for which task."
        },
        "type": "ia.display.label"
      },
      {
        "meta": {
          "name": "Label_12"
        },
        "position": {
          "height": 32,
          "rotate": {
            "anchor": "50% 38%"
          },
          "width": 545,
          "x": 172.6575,
          "y": 510.1
        },
        "props": {
          "style": {
            "color": "#020000",
            "fontFamily": "inherit",
            "fontSize": 12,
            "fontWeight": "lighter",
            "textAlign": "start"
          },
          "text": "Yes, supervisors and managers can monitor real-time task status,\n from initiation to completion."
        },
        "type": "ia.display.label"
      }
    ],
    "meta": {
      "name": "root"
    },
    "type": "ia.container.coord"
  }
}