{
  "custom": {},
  "params": {},
  "props": {
    "defaultSize": {
      "width": 300
    }
  },
  "root": {
    "children": [
      {
        "meta": {
          "name": "EmbeddedView"
        },
        "position": {
          "basis": 60
        },
        "props": {
          "path": "Header/Header Mobile"
        },
        "type": "ia.display.view"
      },
      {
        "children": [
          {
            "meta": {
              "name": "Label"
            },
            "props": {
              "style": {
                "fontFamily": "Merriweather",
                "fontSize": 30,
                "fontWeight": "bold",
                "marginTop": 10,
                "textAlign": "center"
              },
              "text": "Frequently Asked"
            },
            "type": "ia.display.label"
          },
          {
            "meta": {
              "name": "Label_0"
            },
            "props": {
              "style": {
                "color": "#FE2323",
                "fontFamily": "Merriweather",
                "fontSize": 15,
                "fontWeight": "bold",
                "marginTop": 20,
                "textAlign": "center"
              },
              "text": "Questions"
            },
            "type": "ia.display.label"
          }
        ],
        "meta": {
          "name": "FlexContainer"
        },
        "position": {
          "basis": "94px"
        },
        "props": {
          "direction": "column"
        },
        "type": "ia.container.flex"
      },
      {
        "children": [
          {
            "children": [
              {
                "meta": {
                  "name": "Label_7"
                },
                "props": {
                  "style": {
                    "font-size": "10px",
                    "fontWeight": "bold"
                  },
                  "text": "How do I access method statements ?"
                },
                "type": "ia.display.label"
              },
              {
                "meta": {
                  "name": "Label_12"
                },
                "props": {
                  "style": {
                    "font-size": "10px",
                    "fontWeight": "normal",
                    "marginTop": 10
                  },
                  "text": "Method statements can be viewed via the web app or mobile device. \nThey are stored centrally for easy access at any time."
                },
                "type": "ia.display.label"
              }
            ],
            "meta": {
              "name": "FlexContainer"
            },
            "position": {
              "basis": "200px"
            },
            "props": {
              "direction": "column",
              "style": {
                "marginLeft": 5
              }
            },
            "type": "ia.container.flex"
          },
          {
            "meta": {
              "name": "Label"
            },
            "position": {
              "basis": "20px"
            },
            "type": "ia.display.label"
          },
          {
            "children": [
              {
                "meta": {
                  "name": "Label_4"
                },
                "props": {
                  "style": {
                    "font-size": "10px",
                    "fontWeight": "bold"
                  },
                  "text": "Can I track progress on assigned tasks?"
                },
                "type": "ia.display.label"
              },
              {
                "meta": {
                  "name": "Label_11"
                },
                "props": {
                  "style": {
                    "font-size": "10px",
                    "fontWeight": "normal",
                    "marginTop": 10
                  },
                  "text": "Yes, supervisors and managers can monitor real-time task status,\n from initiation to completion."
                },
                "type": "ia.display.label"
              }
            ],
            "meta": {
              "name": "FlexContainer_0"
            },
            "position": {
              "basis": "200px"
            },
            "props": {
              "direction": "column"
            },
            "type": "ia.container.flex"
          }
        ],
        "meta": {
          "name": "FlexContainer_0"
        },
        "position": {
          "basis": "110px"
        },
        "props": {
          "style": {
            "marginLeft": 10,
            "marginRight": 10
          }
        },
        "type": "ia.container.flex"
      },
      {
        "children": [
          {
            "children": [
              {
                "meta": {
                  "name": "Label_6"
                },
                "props": {
                  "style": {
                    "font-size": "10px",
                    "fontWeight": "bold",
                    "marginTop": 0
                  },
                  "text": "How does tool tracking work?"
                },
                "type": "ia.display.label"
              },
              {
                "meta": {
                  "name": "Label_9"
                },
                "props": {
                  "style": {
                    "font-size": "10px",
                    "marginTop": 10
                  },
                  "text": "Tools are logged when checked out or returned.\n The system records who used the tool, when, and for which task."
                },
                "type": "ia.display.label"
              }
            ],
            "meta": {
              "name": "FlexContainer"
            },
            "position": {
              "basis": "200px"
            },
            "props": {
              "direction": "column",
              "style": {
                "marginLeft": 5
              }
            },
            "type": "ia.container.flex"
          },
          {
            "meta": {
              "name": "Label"
            },
            "position": {
              "basis": "20px"
            },
            "type": "ia.display.label"
          },
          {
            "children": [
              {
                "meta": {
                  "name": "Label_1"
                },
                "props": {
                  "style": {
                    "font-size": "10px",
                    "fontWeight": "bold"
                  },
                  "text": "What devices are supported?"
                },
                "type": "ia.display.label"
              },
              {
                "meta": {
                  "name": "Label_8"
                },
                "props": {
                  "style": {
                    "font-size": "10px",
                    "marginTop": 10
                  },
                  "text": "The MSMS works on desktops, tablets, and mobile devices via\n any modern web browser."
                },
                "type": "ia.display.label"
              }
            ],
            "meta": {
              "name": "FlexContainer_0"
            },
            "position": {
              "basis": "200px"
            },
            "props": {
              "direction": "column"
            },
            "type": "ia.container.flex"
          }
        ],
        "meta": {
          "name": "FlexContainer_1"
        },
        "position": {
          "basis": "110px"
        },
        "props": {
          "style": {
            "marginLeft": 10,
            "marginRight": 10
          }
        },
        "type": "ia.container.flex"
      },
      {
        "children": [
          {
            "children": [
              {
                "meta": {
                  "name": "Label_3"
                },
                "props": {
                  "style": {
                    "font-size": "10px",
                    "fontWeight": "bold"
                  },
                  "text": " What if a tool goes missing?"
                },
                "type": "ia.display.label"
              },
              {
                "meta": {
                  "name": "Label_10"
                },
                "props": {
                  "style": {
                    "font-size": "10px",
                    "marginTop": 10
                  },
                  "text": "The system provides a log history to trace who last used the tool and \nwhen it was last checked in."
                },
                "type": "ia.display.label"
              }
            ],
            "meta": {
              "name": "FlexContainer"
            },
            "position": {
              "basis": "200px"
            },
            "props": {
              "direction": "column",
              "style": {
                "marginLeft": 5
              }
            },
            "type": "ia.container.flex"
          },
          {
            "meta": {
              "name": "Label"
            },
            "position": {
              "basis": "20px"
            },
            "type": "ia.display.label"
          },
          {
            "children": [
              {
                "meta": {
                  "name": "Label_2"
                },
                "props": {
                  "style": {
                    "font-size": "10px",
                    "fontWeight": "bold"
                  },
                  "text": "Is my data secure?"
                },
                "type": "ia.display.label"
              },
              {
                "meta": {
                  "name": "Label_13"
                },
                "props": {
                  "style": {
                    "font-size": "10px",
                    "marginTop": 10
                  },
                  "text": " Yes. All data is encrypted and stored securely in \nMzukulu Technologies’ operational database, accessible \nonly to authorized users."
                },
                "type": "ia.display.label"
              }
            ],
            "meta": {
              "name": "FlexContainer_0"
            },
            "position": {
              "basis": "200px"
            },
            "props": {
              "direction": "column"
            },
            "type": "ia.container.flex"
          }
        ],
        "meta": {
          "name": "FlexContainer_2"
        },
        "position": {
          "basis": "106px"
        },
        "props": {
          "style": {
            "marginLeft": 10,
            "marginRight": 10
          }
        },
        "type": "ia.container.flex"
      }
    ],
    "meta": {
      "name": "root"
    },
    "props": {
      "direction": "column"
    },
    "type": "ia.container.flex"
  }
}