{
  "custom": {},
  "params": {},
  "props": {
    "defaultSize": {
      "width": 744
    }
  },
  "root": {
    "children": [
      {
        "meta": {
          "name": "Label_0"
        },
        "position": {
          "height": 0.0332,
          "width": 0.8942,
          "x": 0.032,
          "y": 0.0366
        },
        "props": {
          "style": {
            "color": "#131319",
            "fontFamily": "Roboto",
            "fontSize": 20
          },
          "text": "Need help? Reach out to our support team for technical or document-related issues."
        },
        "type": "ia.display.label"
      },
      {
        "meta": {
          "name": "Label_1"
        },
        "position": {
          "height": 0.0409,
          "width": 0.8876,
          "x": 0.032,
          "y": 0.0939
        },
        "props": {
          "text": "Email: support@mzukulu.co.za"
        },
        "type": "ia.display.label"
      },
      {
        "meta": {
          "name": "Label_2"
        },
        "position": {
          "height": 0.0409,
          "width": 0.8527,
          "x": 0.032,
          "y": 0.129
        },
        "props": {
          "text": "Phone: 031 303 1708"
        },
        "type": "ia.display.label"
      },
      {
        "meta": {
          "name": "Label_3"
        },
        "position": {
          "height": 0.0409,
          "width": 0.8286,
          "x": 0.032,
          "y": 0.161
        },
        "props": {
          "text": "Hours: Mon–Fri, 9:00 AM–5:00 PM (LOCAL TIME)"
        },
        "type": "ia.display.label"
      },
      {
        "meta": {
          "name": "Label_5"
        },
        "position": {
          "height": 0.0358,
          "rotate": {
            "anchor": "50% -12%"
          },
          "width": 0.559,
          "x": 0.032,
          "y": 0.322
        },
        "props": {
          "text": "Submit Feedback or Report an Issue",
          "textStyle": {
            "color": "#131319",
            "fontFamily": "Roboto",
            "fontSize": 20
          }
        },
        "type": "ia.display.label"
      },
      {
        "meta": {
          "name": "Label_6"
        },
        "position": {
          "height": 0.0475,
          "width": 0.922,
          "x": 0.032,
          "y": 0.3724
        },
        "props": {
          "text": "Help us improve the Method Statement by sharing your suggestions. If you notice any errors or inconsistencies, please let us know."
        },
        "type": "ia.display.label"
      },
      {
        "meta": {
          "name": "Label_8"
        },
        "position": {
          "height": 0.0294,
          "width": 0.2212,
          "x": 0.0215,
          "y": 0.2886
        },
        "props": {
          "text": "\n"
        },
        "type": "ia.display.label"
      },
      {
        "meta": {
          "name": "TextField_1"
        },
        "position": {
          "height": 0.0409,
          "rotate": {
            "anchor": "50% 134%"
          },
          "width": 0.6236,
          "x": 0.032,
          "y": 0.4454
        },
        "props": {
          "placeholder": "Subject:(e.g.Suggestion,Error,Clarification)"
        },
        "type": "ia.input.text-field"
      },
      {
        "meta": {
          "name": "TextField_2"
        },
        "position": {
          "height": 0.2575,
          "width": 0.6236,
          "x": 0.032,
          "y": 0.5042
        },
        "props": {
          "placeholder": "Comment:"
        },
        "type": "ia.input.text-field"
      },
      {
        "meta": {
          "name": "Button"
        },
        "position": {
          "height": 0.0434,
          "width": 0.6236,
          "x": 0.032,
          "y": 0.8519
        },
        "props": {
          "text": "Submit"
        },
        "type": "ia.input.button"
      },
      {
        "meta": {
          "name": "FileUpload"
        },
        "position": {
          "height": 0.0434,
          "width": 0.3105,
          "x": 0.3452,
          "y": 0.7989
        },
        "type": "ia.input.fileupload"
      },
      {
        "meta": {
          "name": "Label_7"
        },
        "position": {
          "height": 0.0475,
          "width": 0.3038,
          "x": 0.032,
          "y": 0.7955
        },
        "props": {
          "text": "Upload Support Documents"
        },
        "type": "ia.display.label"
      }
    ],
    "meta": {
      "name": "root"
    },
    "props": {
      "mode": "percent"
    },
    "type": "ia.container.coord"
  }
}