{
  "custom": {},
  "params": {},
  "props": {
    "defaultSize": {
      "height": 739,
      "width": 1004
    }
  },
  "root": {
    "children": [
      {
        "meta": {
          "name": "Label_3"
        },
        "position": {
          "height": 32,
          "width": 50,
          "x": 611,
          "y": 458
        },
        "props": {
          "text": "\n"
        },
        "type": "ia.display.label"
      },
      {
        "meta": {
          "name": "FlexContainer_1"
        },
        "position": {
          "height": 95,
          "width": 161,
          "x": 214.5,
          "y": 95.5
        },
        "props": {
          "style": {
            "backgroundColor": "#D63794",
            "borderBottomLeftRadius": 10,
            "borderBottomRightRadius": 10,
            "borderTopLeftRadius": 10,
            "borderTopRightRadius": 10
          }
        },
        "type": "ia.container.flex"
      },
      {
        "meta": {
          "name": "FlexContainer_2"
        },
        "position": {
          "height": 95,
          "rotate": {
            "anchor": "75% -65%"
          },
          "width": 161,
          "x": 580.5,
          "y": 95
        },
        "props": {
          "style": {
            "backgroundColor": "#C42ED6",
            "borderBottomLeftRadius": 10,
            "borderBottomRightRadius": 10,
            "borderTopLeftRadius": 10,
            "borderTopRightRadius": 10
          }
        },
        "type": "ia.container.flex"
      },
      {
        "meta": {
          "name": "FlexContainer_3"
        },
        "position": {
          "height": 95,
          "width": 161,
          "x": 400,
          "y": 245.5
        },
        "props": {
          "style": {
            "backgroundColor": "#37D6C1",
            "borderBottomLeftRadius": 10,
            "borderBottomRightRadius": 10,
            "borderTopLeftRadius": 10,
            "borderTopRightRadius": 10
          }
        },
        "type": "ia.container.flex"
      },
      {
        "meta": {
          "name": "FlexContainer_4"
        },
        "position": {
          "height": 95,
          "width": 161,
          "x": 765.5,
          "y": 95.5
        },
        "props": {
          "style": {
            "backgroundColor": "#3F9817",
            "borderBottomLeftRadius": 10,
            "borderBottomRightRadius": 10,
            "borderTopLeftRadius": 10,
            "borderTopRightRadius": 10
          }
        },
        "type": "ia.container.flex"
      },
      {
        "meta": {
          "name": "FlexContainer_6"
        },
        "position": {
          "height": 95,
          "width": 161,
          "x": 766,
          "y": 245.5
        },
        "props": {
          "style": {
            "backgroundColor": "#FFEC43",
            "borderBottomLeftRadius": 10,
            "borderBottomRightRadius": 10,
            "borderTopLeftRadius": 10,
            "borderTopRightRadius": 10
          }
        },
        "type": "ia.container.flex"
      },
      {
        "meta": {
          "name": "FlexContainer_7"
        },
        "position": {
          "height": 95,
          "width": 161,
          "x": 584,
          "y": 245.5
        },
        "props": {
          "style": {
            "backgroundColor": "#FD4B3D",
            "borderBottomLeftRadius": 10,
            "borderBottomRightRadius": 10,
            "borderTopLeftRadius": 10,
            "borderTopRightRadius": 10
          }
        },
        "type": "ia.container.flex"
      },
      {
        "meta": {
          "name": "FlexContainer_8"
        },
        "position": {
          "height": 95,
          "width": 161,
          "x": 215,
          "y": 245.5
        },
        "props": {
          "style": {
            "backgroundColor": "#F7942B",
            "borderBottomLeftRadius": 10,
            "borderBottomRightRadius": 10,
            "borderTopLeftRadius": 10,
            "borderTopRightRadius": 10
          }
        },
        "type": "ia.container.flex"
      },
      {
        "meta": {
          "name": "FlexContainer_9"
        },
        "position": {
          "height": 95,
          "width": 161,
          "x": 399.5,
          "y": 95.5
        },
        "props": {
          "style": {
            "backgroundColor": "#C6F93D",
            "borderBottomLeftRadius": 10,
            "borderBottomRightRadius": 10,
            "borderTopLeftRadius": 10,
            "borderTopRightRadius": 10
          }
        },
        "type": "ia.container.flex"
      },
      {
        "meta": {
          "name": "Label_5"
        },
        "position": {
          "height": 32,
          "rotate": {
            "anchor": "100% 375%"
          },
          "width": 24,
          "x": 283,
          "y": 127
        },
        "props": {
          "style": {
            "color": "#0B0101",
            "fontFamily": "Merriweather",
            "fontSize": 30,
            "fontWeight": "bold",
            "textAlign": "center"
          },
          "text": 10
        },
        "type": "ia.display.label"
      },
      {
        "meta": {
          "name": "Label_6"
        },
        "position": {
          "height": 32,
          "rotate": {
            "anchor": "100% 375%"
          },
          "width": 24,
          "x": 834,
          "y": 277
        },
        "props": {
          "style": {
            "color": "#0B0101",
            "fontFamily": "Merriweather",
            "fontSize": 30,
            "fontWeight": "bold",
            "textAlign": "center"
          },
          "text": 1
        },
        "type": "ia.display.label"
      },
      {
        "meta": {
          "name": "Label_7"
        },
        "position": {
          "height": 32,
          "rotate": {
            "anchor": "100% 375%"
          },
          "width": 24,
          "x": 834,
          "y": 127
        },
        "props": {
          "style": {
            "color": "#0B0101",
            "fontFamily": "Merriweather",
            "fontSize": 30,
            "fontWeight": "bold",
            "textAlign": "center"
          },
          "text": 3
        },
        "type": "ia.display.label"
      },
      {
        "meta": {
          "name": "Label_8"
        },
        "position": {
          "height": 32,
          "rotate": {
            "anchor": "100% 375%"
          },
          "width": 24,
          "x": 648.5,
          "y": 127
        },
        "props": {
          "style": {
            "color": "#0B0101",
            "fontFamily": "Merriweather",
            "fontSize": 30,
            "fontWeight": "bold",
            "textAlign": "center"
          },
          "text": 2
        },
        "type": "ia.display.label"
      },
      {
        "meta": {
          "name": "Label_9"
        },
        "position": {
          "height": 32,
          "rotate": {
            "anchor": "100% 375%"
          },
          "width": 24,
          "x": 652.5,
          "y": 277.5
        },
        "props": {
          "style": {
            "color": "#0B0101",
            "fontFamily": "Merriweather",
            "fontSize": 30,
            "fontWeight": "bold",
            "textAlign": "center"
          },
          "text": 3
        },
        "type": "ia.display.label"
      },
      {
        "meta": {
          "name": "Label_10"
        },
        "position": {
          "height": 32,
          "rotate": {
            "anchor": "100% 375%"
          },
          "width": 24,
          "x": 468.5,
          "y": 277.5
        },
        "props": {
          "style": {
            "color": "#0B0101",
            "fontFamily": "Merriweather",
            "fontSize": 30,
            "fontWeight": "bold",
            "textAlign": "center"
          },
          "text": 1
        },
        "type": "ia.display.label"
      },
      {
        "meta": {
          "name": "Label_11"
        },
        "position": {
          "height": 32,
          "rotate": {
            "anchor": "100% 375%"
          },
          "width": 24,
          "x": 283,
          "y": 277
        },
        "props": {
          "style": {
            "color": "#0B0101",
            "fontFamily": "Merriweather",
            "fontSize": 30,
            "fontWeight": "bold",
            "textAlign": "center"
          },
          "text": 5
        },
        "type": "ia.display.label"
      },
      {
        "meta": {
          "name": "Label_12"
        },
        "position": {
          "height": 32,
          "rotate": {
            "anchor": "100% 375%"
          },
          "width": 24,
          "x": 468.5,
          "y": 127
        },
        "props": {
          "style": {
            "color": "#0B0101",
            "fontFamily": "Merriweather",
            "fontSize": 30,
            "fontWeight": "bold",
            "textAlign": "center"
          },
          "text": 5
        },
        "type": "ia.display.label"
      },
      {
        "meta": {
          "name": "Label_13"
        },
        "position": {
          "height": 32,
          "rotate": {
            "anchor": "25% 222%"
          },
          "width": 271,
          "x": 209.675,
          "y": 63
        },
        "props": {
          "style": {
            "color": "#000000",
            "fontFamily": "Noto Sans",
            "fontSize": 13,
            "fontWeight": "bold"
          },
          "text": "Method Statements Created By Me"
        },
        "type": "ia.display.label"
      },
      {
        "meta": {
          "name": "Label_14"
        },
        "position": {
          "height": 32,
          "rotate": {
            "anchor": "25% 222%"
          },
          "width": 271,
          "x": 205.34499923706053,
          "y": 205.5
        },
        "props": {
          "style": {
            "color": "#000000",
            "fontFamily": "Noto Sans",
            "fontSize": 13,
            "fontWeight": "bold"
          },
          "text": "Method Statements I am assigned to"
        },
        "type": "ia.display.label"
      },
      {
        "meta": {
          "name": "Image_1"
        },
        "position": {
          "height": 100,
          "width": 100,
          "x": 734,
          "y": 474
        },
        "type": "ia.display.image"
      },
      {
        "meta": {
          "name": "Label_0"
        },
        "position": {
          "height": 32,
          "rotate": {
            "anchor": "-200% 141%"
          },
          "width": 50,
          "x": 282,
          "y": 95.5
        },
        "props": {
          "style": {
            "fontFamily": "Merriweather",
            "fontWeight": "bold"
          },
          "text": "Total"
        },
        "type": "ia.display.label"
      },
      {
        "meta": {
          "name": "Label_1"
        },
        "position": {
          "height": 32,
          "rotate": {
            "anchor": "-200% 141%"
          },
          "width": 61,
          "x": 815.5,
          "y": 95.5
        },
        "props": {
          "style": {
            "fontFamily": "Merriweather",
            "fontWeight": "bold"
          },
          "text": "Pending"
        },
        "type": "ia.display.label"
      },
      {
        "meta": {
          "name": "Label_2"
        },
        "position": {
          "height": 32,
          "rotate": {
            "anchor": "-200% 141%"
          },
          "width": 122,
          "x": 599.5,
          "y": 95
        },
        "props": {
          "style": {
            "fontFamily": "Merriweather",
            "fontWeight": "bold"
          },
          "text": "Flagged/Rejected"
        },
        "type": "ia.display.label"
      },
      {
        "meta": {
          "name": "Label_4"
        },
        "position": {
          "height": 32,
          "rotate": {
            "anchor": "-200% 141%"
          },
          "width": 73,
          "x": 455.5,
          "y": 95
        },
        "props": {
          "style": {
            "fontFamily": "Merriweather",
            "fontWeight": "bold"
          },
          "text": "Approved"
        },
        "type": "ia.display.label"
      },
      {
        "meta": {
          "name": "Label_15"
        },
        "position": {
          "height": 32,
          "rotate": {
            "anchor": "-200% 141%"
          },
          "width": 142,
          "x": 784.5,
          "y": 245.5
        },
        "props": {
          "style": {
            "fontFamily": "Merriweather",
            "fontWeight": "bold"
          },
          "text": "Signature Required"
        },
        "type": "ia.display.label"
      },
      {
        "meta": {
          "name": "Label_16"
        },
        "position": {
          "height": 32,
          "rotate": {
            "anchor": "-200% 141%"
          },
          "width": 76,
          "x": 626,
          "y": 245.5
        },
        "props": {
          "style": {
            "fontFamily": "Merriweather",
            "fontWeight": "bold"
          },
          "text": "Completed"
        },
        "type": "ia.display.label"
      },
      {
        "meta": {
          "name": "Label_17"
        },
        "position": {
          "height": 32,
          "rotate": {
            "anchor": "-200% 141%"
          },
          "width": 50,
          "x": 455,
          "y": 245.5
        },
        "props": {
          "style": {
            "fontFamily": "Merriweather",
            "fontWeight": "bold"
          },
          "text": "Active"
        },
        "type": "ia.display.label"
      },
      {
        "meta": {
          "name": "Label_18"
        },
        "position": {
          "height": 32,
          "rotate": {
            "anchor": "-200% 141%"
          },
          "width": 50,
          "x": 282,
          "y": 245
        },
        "props": {
          "style": {
            "fontFamily": "Merriweather",
            "fontWeight": "bold"
          },
          "text": "Total"
        },
        "type": "ia.display.label"
      },
      {
        "meta": {
          "name": "PieChart"
        },
        "position": {
          "height": 188,
          "width": 395,
          "x": 216.3,
          "y": 409.9
        },
        "props": {
          "colors": [
            "#3366CC",
            "#EC4B3D",
            "#4FC86C",
            "#00A9C6",
            "#E69300"
          ],
          "data": [
            {
              "count": 14,
              "flavor": "Completed"
            },
            {
              "count": 14,
              "flavor": "Pending"
            },
            {
              "count": 10,
              "flavor": "Overdue"
            }
          ],
          "title": "Method Statements Tracking"
        },
        "type": "ia.chart.pie"
      }
    ],
    "meta": {
      "name": "root"
    },
    "type": "ia.container.coord"
  }
}