{
  "custom": {},
  "params": {
    "id": 0
  },
  "propConfig": {
    "params.id": {
      "paramDirection": "input",
      "persistent": true
    }
  },
  "props": {
    "defaultSize": {
      "height": 100,
      "width": 200
    }
  },
  "root": {
    "children": [
      {
        "meta": {
          "name": "Image"
        },
        "position": {
          "height": 26,
          "rotate": {
            "anchor": "50% 39%"
          },
          "width": 31,
          "y": 6.96
        },
        "props": {
          "fit": {
            "mode": "contain"
          },
          "source": "/system/images/Uploaded-images/approved.png"
        },
        "type": "ia.display.image"
      },
      {
        "meta": {
          "name": "Label"
        },
        "position": {
          "height": 32,
          "width": 141,
          "x": 37.0789,
          "y": 3.8621480026245116
        },
        "props": {
          "style": {
            "fontSize": "14px",
            "fontWeight": "bold"
          },
          "text": "Update Complete!"
        },
        "type": "ia.display.label"
      },
      {
        "meta": {
          "name": "Label_0"
        },
        "position": {
          "height": 32.00000000000001,
          "width": 188,
          "x": 5.57,
          "y": 32.76
        },
        "props": {
          "style": {
            "fontSize": "10px"
          },
          "text": "Update has been successfuly captured."
        },
        "type": "ia.display.label"
      },
      {
        "events": {
          "dom": {
            "onClick": {
              "config": {
                "draggable": true,
                "id": "submission_successful",
                "modal": false,
                "overlayDismiss": false,
                "resizable": true,
                "showCloseIcon": true,
                "type": "close",
                "viewPath": "",
                "viewportBound": false
              },
              "scope": "C",
              "type": "popup"
            }
          }
        },
        "meta": {
          "name": "Button"
        },
        "position": {
          "height": 21,
          "width": 88,
          "x": 95.0659,
          "y": 69.7
        },
        "props": {
          "style": {
            "classes": "Method_Statement/button_white",
            "fontSize": "12px"
          },
          "text": "Close"
        },
        "type": "ia.input.button"
      }
    ],
    "meta": {
      "name": "root"
    },
    "type": "ia.container.coord"
  }
}