{
  "custom": {},
  "params": {},
  "props": {
    "defaultSize": {
      "width": 382
    }
  },
  "root": {
    "children": [
      {
        "meta": {
          "name": "Label"
        },
        "position": {
          "height": 32,
          "rotate": {
            "anchor": "25% 263%"
          },
          "width": 278,
          "x": 52.5,
          "y": 8
        },
        "props": {
          "style": {
            "fontFamily": "Merriweather",
            "fontSize": 30,
            "fontWeight": "bold",
            "textAlign": "center"
          },
          "text": "Frequently Asked"
        },
        "type": "ia.display.label"
      },
      {
        "meta": {
          "name": "Label_0"
        },
        "position": {
          "height": 32,
          "rotate": {
            "anchor": "50% 316%"
          },
          "width": 136,
          "x": 116,
          "y": 47
        },
        "props": {
          "style": {
            "color": "#F52121",
            "fontFamily": "Merriweather",
            "fontSize": 30,
            "fontWeight": "bold",
            "textAlign": "center"
          },
          "text": "Questions"
        },
        "type": "ia.display.label"
      },
      {
        "meta": {
          "name": "Label_1"
        },
        "position": {
          "height": 32,
          "width": 50,
          "x": 235,
          "y": 414
        },
        "type": "ia.display.label"
      },
      {
        "meta": {
          "name": "Label_2"
        },
        "position": {
          "height": 32,
          "rotate": {
            "anchor": "25% 263%"
          },
          "width": 293,
          "x": 15,
          "y": 130.2
        },
        "props": {
          "style": {
            "fontFamily": "Merriweather",
            "fontWeight": "bold"
          },
          "text": "How do I access method statements?",
          "textStyle": {
            "color": "#181515",
            "fontFamily": "Roboto",
            "fontSize": 15,
            "fontWeight": "bold"
          }
        },
        "type": "ia.display.label"
      },
      {
        "meta": {
          "name": "Label_3"
        },
        "position": {
          "height": 32,
          "rotate": {
            "anchor": "25% 263%"
          },
          "width": 293,
          "x": 402,
          "y": 563
        },
        "props": {
          "style": {
            "fontFamily": "Merriweather",
            "fontWeight": "bold"
          },
          "text": "Is my data secure?"
        },
        "type": "ia.display.label"
      },
      {
        "meta": {
          "name": "Label_4"
        },
        "position": {
          "height": 32,
          "rotate": {
            "anchor": "25% 263%"
          },
          "width": 293,
          "x": 15,
          "y": 527.4000122070313
        },
        "props": {
          "style": {
            "fontFamily": "Roboto",
            "fontSize": 14,
            "fontWeight": "bold"
          },
          "text": "What devices are supported?"
        },
        "type": "ia.display.label"
      },
      {
        "meta": {
          "name": "Label_5"
        },
        "position": {
          "height": 32,
          "rotate": {
            "anchor": "25% 263%"
          },
          "width": 293,
          "x": 15,
          "y": 442.59999389648436
        },
        "props": {
          "style": {
            "fontFamily": "Roboto",
            "fontSize": 14,
            "fontWeight": "bold"
          },
          "text": "Can I track progress on assigned tasks?"
        },
        "type": "ia.display.label"
      },
      {
        "meta": {
          "name": "Label_6"
        },
        "position": {
          "height": 32,
          "rotate": {
            "anchor": "25% 263%"
          },
          "width": 293,
          "x": 15,
          "y": 236.60001220703126
        },
        "props": {
          "style": {
            "fontFamily": "Roboto",
            "fontSize": 14,
            "fontWeight": "bold"
          },
          "text": " How does tool tracking work?"
        },
        "type": "ia.display.label"
      },
      {
        "meta": {
          "name": "Label_7"
        },
        "position": {
          "height": 32,
          "rotate": {
            "anchor": "25% 263%"
          },
          "width": 293,
          "x": 15,
          "y": 343.8
        },
        "props": {
          "style": {
            "color": "#0F0808FA",
            "fontFamily": "Roboto",
            "fontSize": 14,
            "fontWeight": "bold"
          },
          "text": "What if a tool goes missing?"
        },
        "type": "ia.display.label"
      },
      {
        "meta": {
          "name": "Label_8"
        },
        "position": {
          "height": 32,
          "rotate": {
            "anchor": "25% 263%"
          },
          "width": 293,
          "x": 15.5,
          "y": 571.2
        },
        "props": {
          "style": {
            "color": "#281111",
            "fontFamily": "inherit",
            "fontSize": 13,
            "fontWeight": "normal"
          },
          "text": "The MSMS works on desktops, tablets, and mobile devices via\n any modern web browser."
        },
        "type": "ia.display.label"
      },
      {
        "meta": {
          "name": "Label_9"
        },
        "position": {
          "height": 32,
          "rotate": {
            "anchor": "25% 263%"
          },
          "width": 293,
          "x": 15,
          "y": 623
        },
        "props": {
          "style": {
            "fontFamily": "Roboto",
            "fontSize": 14,
            "fontWeight": "bold"
          },
          "text": "Is my data secure?"
        },
        "type": "ia.display.label"
      },
      {
        "meta": {
          "name": "Label_10"
        },
        "position": {
          "height": 32,
          "rotate": {
            "anchor": "25% 263%"
          },
          "width": 319,
          "x": 11.5,
          "y": 478.40001220703124
        },
        "props": {
          "style": {
            "color": "#1C0C0C",
            "fontFamily": "inherit",
            "fontSize": 13,
            "fontWeight": "normal"
          },
          "text": "Yes, supervisors and managers can monitor real-time task status, from initiation to completion."
        },
        "type": "ia.display.label"
      },
      {
        "meta": {
          "name": "Label_11"
        },
        "position": {
          "height": 32,
          "rotate": {
            "anchor": "25% 263%"
          },
          "width": 329,
          "x": 15.5,
          "y": 386.40001220703124
        },
        "props": {
          "style": {
            "fontFamily": "inherit",
            "fontSize": 13,
            "fontWeight": "normal"
          },
          "text": "The system provides a log history to trace who last used the tool and \nwhen it was last checked in.",
          "textStyle": {
            "color": "#1F0F0F",
            "fontFamily": "inherit",
            "fontSize": 13,
            "fontWeight": "normal"
          }
        },
        "type": "ia.display.label"
      },
      {
        "meta": {
          "name": "Label_12"
        },
        "position": {
          "height": 32,
          "rotate": {
            "anchor": "25% 263%"
          },
          "width": 342,
          "x": 12.5,
          "y": 284.6000122070312
        },
        "props": {
          "style": {
            "color": "#270C0C",
            "fontFamily": "inherit",
            "fontSize": 13,
            "fontWeight": "normal"
          },
          "text": "Tools are logged when checked out or returned.\n The system records who used the tool, when, and for which task."
        },
        "type": "ia.display.label"
      },
      {
        "meta": {
          "name": "Label_13"
        },
        "position": {
          "height": 60,
          "rotate": {
            "anchor": "25% 263%"
          },
          "width": 360,
          "x": 11.5,
          "y": 162.39999694824218
        },
        "props": {
          "style": {
            "color": "#231616",
            "fontFamily": "inherit",
            "fontSize": 13,
            "fontWeight": "normal"
          },
          "text": "Method statements can be viewed via the web app or mobile device. \nThey are stored centrally for easy access at any time.",
          "textStyle": {
            "color": "#1A0000",
            "fontFamily": "inherit",
            "fontSize": 13,
            "fontWeight": "normal"
          }
        },
        "type": "ia.display.label"
      },
      {
        "meta": {
          "name": "Label_14"
        },
        "position": {
          "height": 32,
          "rotate": {
            "anchor": "25% 263%"
          },
          "width": 35,
          "x": 73,
          "y": 192.40000915527344
        },
        "props": {
          "style": {
            "color": "#231ABF",
            "fontFamily": "inherit",
            "fontSize": 13,
            "fontWeight": "bolder",
            "textDecoration": "underline"
          },
          "text": "Video"
        },
        "type": "ia.display.label"
      },
      {
        "meta": {
          "name": "Label_15"
        },
        "position": {
          "height": 32,
          "rotate": {
            "anchor": "25% 263%"
          },
          "width": 352,
          "x": 15.5,
          "y": 672
        },
        "props": {
          "style": {
            "color": "#281111",
            "fontFamily": "inherit",
            "fontSize": 13,
            "fontWeight": "normal"
          },
          "text": " Yes. All data is encrypted and stored securely in \nMzukulu Technologies’ operational database, accessible \nonly to authorized users."
        },
        "type": "ia.display.label"
      }
    ],
    "meta": {
      "name": "root"
    },
    "position": {
      "x": -6.5,
      "y": -37
    },
    "type": "ia.container.coord"
  }
}