{
  "custom": {
    "left": 0
  },
  "params": {
    "item": {
      "borrowed_quantity": 0,
      "msti_id": 0,
      "returned_damaged": "",
      "returned_damaged_reason": "",
      "returned_good_condition": "",
      "returned_lost": "",
      "returned_lost_reason": "",
      "tool_name": "Tool Name"
    }
  },
  "propConfig": {
    "custom.left": {
      "binding": {
        "config": {
          "expression": "{view.params.item.borrowed_quantity} - {view.params.item.returned_good_condition} - {view.params.item.returned_damaged} - {view.params.item.returned_lost}"
        },
        "type": "expr"
      },
      "persistent": true
    },
    "params.item": {
      "paramDirection": "input",
      "persistent": true
    }
  },
  "props": {
    "defaultSize": {
      "height": 140,
      "width": 1175
    }
  },
  "root": {
    "children": [
      {
        "children": [
          {
            "meta": {
              "name": "TextArea_0"
            },
            "position": {
              "basis": "200px",
              "shrink": 0
            },
            "propConfig": {
              "props.text": {
                "binding": {
                  "config": {
                    "path": "view.params.item.tool_name"
                  },
                  "type": "property"
                }
              }
            },
            "props": {
              "style": {
                "classes": "Method_Statement/textarea",
                "fontWeight": "bold"
              }
            },
            "type": "ia.input.text-area"
          },
          {
            "children": [
              {
                "meta": {
                  "name": "Label"
                },
                "position": {
                  "basis": "32px"
                },
                "props": {
                  "style": {
                    "color": "grey",
                    "textAlign": "center"
                  },
                  "text": "Total"
                },
                "type": "ia.display.label"
              },
              {
                "meta": {
                  "name": "total"
                },
                "position": {
                  "basis": "20px",
                  "shrink": 0
                },
                "propConfig": {
                  "props.text": {
                    "binding": {
                      "config": {
                        "expression": " tostr({view.params.item.borrowed_quantity})"
                      },
                      "type": "expr"
                    }
                  }
                },
                "props": {
                  "style": {
                    "color": "grey",
                    "textAlign": "center"
                  }
                },
                "type": "ia.display.label"
              }
            ],
            "meta": {
              "name": "total"
            },
            "position": {
              "basis": "50px"
            },
            "props": {
              "direction": "column",
              "style": {
                "backgroundColor": "white"
              }
            },
            "type": "ia.container.flex"
          },
          {
            "children": [
              {
                "meta": {
                  "name": "Label"
                },
                "position": {
                  "basis": "32px",
                  "shrink": 0
                },
                "props": {
                  "style": {
                    "textAlign": "center"
                  },
                  "text": "Good Condition"
                },
                "type": "ia.display.label"
              },
              {
                "meta": {
                  "name": "NumericEntryField"
                },
                "position": {
                  "basis": "20px",
                  "shrink": 0
                },
                "propConfig": {
                  "props.inputBounds.maximum": {
                    "binding": {
                      "config": {
                        "path": "view.custom.left"
                      },
                      "type": "property"
                    }
                  },
                  "props.value": {
                    "binding": {
                      "config": {
                        "bidirectional": true,
                        "path": "view.params.item.returned_good_condition"
                      },
                      "type": "property"
                    }
                  }
                },
                "props": {
                  "enabled": false,
                  "inputBounds": {
                    "minimum": 0
                  },
                  "style": {
                    "backgroundColor": "white"
                  }
                },
                "type": "ia.input.numeric-entry-field"
              }
            ],
            "meta": {
              "name": "good_condition"
            },
            "position": {
              "basis": "40px",
              "grow": 1
            },
            "props": {
              "direction": "column",
              "style": {
                "backgroundColor": "white",
                "paddingLeft": 10,
                "paddingRight": 10
              }
            },
            "type": "ia.container.flex"
          },
          {
            "children": [
              {
                "meta": {
                  "name": "Label"
                },
                "position": {
                  "basis": "32px",
                  "shrink": 0
                },
                "props": {
                  "style": {
                    "textAlign": "center"
                  },
                  "text": "Damaged"
                },
                "type": "ia.display.label"
              },
              {
                "meta": {
                  "name": "NumericEntryField"
                },
                "position": {
                  "basis": "20px",
                  "shrink": 0
                },
                "propConfig": {
                  "props.inputBounds.maximum": {
                    "binding": {
                      "config": {
                        "path": "view.custom.left"
                      },
                      "type": "property"
                    }
                  },
                  "props.value": {
                    "binding": {
                      "config": {
                        "bidirectional": true,
                        "path": "view.params.item.returned_damaged"
                      },
                      "type": "property"
                    }
                  }
                },
                "props": {
                  "enabled": false,
                  "inputBounds": {
                    "minimum": 0
                  },
                  "style": {
                    "backgroundColor": "white"
                  }
                },
                "type": "ia.input.numeric-entry-field"
              },
              {
                "meta": {
                  "name": "TextArea"
                },
                "position": {
                  "basis": "24px",
                  "grow": 1
                },
                "propConfig": {
                  "props.text": {
                    "binding": {
                      "config": {
                        "bidirectional": true,
                        "path": "view.params.item.returned_damaged_reason"
                      },
                      "type": "property"
                    }
                  }
                },
                "props": {
                  "enabled": false,
                  "style": {
                    "backgroundColor": "white",
                    "marginBottom": 5,
                    "marginTop": 5
                  }
                },
                "type": "ia.input.text-area"
              }
            ],
            "meta": {
              "name": "damaged_condition"
            },
            "position": {
              "basis": "40px",
              "grow": 1
            },
            "props": {
              "direction": "column",
              "style": {
                "backgroundColor": "white",
                "paddingLeft": 10,
                "paddingRight": 10
              }
            },
            "type": "ia.container.flex"
          },
          {
            "children": [
              {
                "meta": {
                  "name": "Label"
                },
                "position": {
                  "basis": "32px",
                  "shrink": 0
                },
                "props": {
                  "style": {
                    "textAlign": "center"
                  },
                  "text": "Lost"
                },
                "type": "ia.display.label"
              },
              {
                "meta": {
                  "name": "NumericEntryField"
                },
                "position": {
                  "basis": "20px",
                  "shrink": 0
                },
                "propConfig": {
                  "props.inputBounds.maximum": {
                    "binding": {
                      "config": {
                        "path": "view.custom.left"
                      },
                      "type": "property"
                    }
                  },
                  "props.value": {
                    "binding": {
                      "config": {
                        "bidirectional": true,
                        "path": "view.params.item.returned_lost"
                      },
                      "type": "property"
                    }
                  }
                },
                "props": {
                  "enabled": false,
                  "inputBounds": {
                    "minimum": 0
                  },
                  "style": {
                    "backgroundColor": "white"
                  }
                },
                "type": "ia.input.numeric-entry-field"
              },
              {
                "meta": {
                  "name": "TextArea"
                },
                "position": {
                  "basis": "24px",
                  "grow": 1
                },
                "propConfig": {
                  "props.text": {
                    "binding": {
                      "config": {
                        "bidirectional": true,
                        "path": "view.params.item.returned_lost_reason"
                      },
                      "type": "property"
                    }
                  }
                },
                "props": {
                  "enabled": false,
                  "style": {
                    "backgroundColor": "white",
                    "marginBottom": 5,
                    "marginTop": 5
                  }
                },
                "type": "ia.input.text-area"
              }
            ],
            "meta": {
              "name": "lost_condition"
            },
            "position": {
              "basis": "40px",
              "grow": 1
            },
            "props": {
              "direction": "column",
              "style": {
                "backgroundColor": "white",
                "paddingLeft": 10,
                "paddingRight": 10
              }
            },
            "type": "ia.container.flex"
          }
        ],
        "meta": {
          "name": "FlexContainer"
        },
        "position": {
          "grow": 1,
          "shrink": 0
        },
        "type": "ia.container.flex"
      }
    ],
    "events": {
      "dom": {
        "onClick": {
          "config": {
            "script": "\tselected\t\u003d self.view.params.selected\n\t\n\tif selected \u003d\u003d True:\n\t\tself.view.params.selected \u003d False\n\telse:\n\t\tself.view.params.selected \u003d True"
          },
          "enabled": false,
          "scope": "G",
          "type": "script"
        }
      }
    },
    "meta": {
      "name": "root"
    },
    "propConfig": {
      "props.style.classes": {
        "binding": {
          "config": {
            "path": "view.params.selected"
          },
          "transforms": [
            {
              "code": "\tif value \u003d\u003d True:\n\t\treturn \u0027Method_Statement/highlight_selected_item\u0027\n\telse:\n\t\treturn \u0027\u0027",
              "type": "script"
            }
          ],
          "type": "property"
        }
      }
    },
    "props": {
      "direction": "column",
      "style": {
        "borderBottomColor": "lightgrey",
        "borderBottomLeftRadius": 5,
        "borderBottomRightRadius": 5,
        "borderBottomStyle": "solid",
        "borderBottomWidth": 1,
        "borderTopLeftRadius": 5,
        "borderTopRightRadius": 5,
        "cursor": "pointer",
        "marginBottom": 2,
        "marginTop": 2,
        "overflow": "visible",
        "padding": 2
      }
    },
    "type": "ia.container.flex"
  }
}