{
  "custom": {},
  "params": {
    "name": "value",
    "selected": false,
    "signed": "Not Signed",
    "username": "value"
  },
  "propConfig": {
    "params.name": {
      "paramDirection": "inout",
      "persistent": true
    },
    "params.selected": {
      "paramDirection": "inout",
      "persistent": true
    },
    "params.signed": {
      "paramDirection": "inout",
      "persistent": true
    },
    "params.username": {
      "paramDirection": "inout",
      "persistent": true
    }
  },
  "props": {
    "defaultSize": {
      "height": 54,
      "width": 270
    }
  },
  "root": {
    "children": [
      {
        "meta": {
          "name": "Label"
        },
        "position": {
          "shrink": 0
        },
        "propConfig": {
          "props.text": {
            "binding": {
              "config": {
                "path": "view.params.name"
              },
              "type": "property"
            }
          }
        },
        "props": {
          "style": {
            "classes": "Method_Statement_Mobile/label",
            "fontWeight": "bold",
            "marginRight": 0
          }
        },
        "type": "ia.display.label"
      },
      {
        "meta": {
          "name": "Label_0"
        },
        "position": {
          "basis": "29px",
          "shrink": 0
        },
        "propConfig": {
          "props.text": {
            "binding": {
              "config": {
                "path": "view.params.signed"
              },
              "type": "property"
            }
          }
        },
        "props": {
          "style": {
            "classes": "Method_Statement_Mobile/label",
            "marginRight": 0
          }
        },
        "type": "ia.display.label"
      }
    ],
    "events": {
      "dom": {
        "onClick": {
          "config": {
            "script": "\tselected\t\u003d self.view.params.selected\n\t\n\tif selected \u003d\u003d True:\n\t\tself.view.params.selected \u003d False\n\telse:\n\t\tself.view.params.selected \u003d True"
          },
          "scope": "G",
          "type": "script"
        }
      }
    },
    "meta": {
      "name": "root"
    },
    "propConfig": {
      "props.style.classes": {
        "binding": {
          "config": {
            "path": "view.params.selected"
          },
          "transforms": [
            {
              "code": "\tif value \u003d\u003d True:\n\t\treturn \u0027Method_Statement/highlight_selected_item\u0027\n\telse:\n\t\treturn \u0027\u0027",
              "type": "script"
            }
          ],
          "type": "property"
        }
      }
    },
    "props": {
      "direction": "column",
      "style": {
        "cursor": "pointer",
        "overflow": "visible"
      }
    },
    "type": "ia.container.flex"
  }
}