{
  "custom": {},
  "params": {},
  "props": {
    "defaultSize": {
      "width": 923
    }
  },
  "root": {
    "children": [
      {
        "meta": {
          "name": "Label"
        },
        "position": {
          "height": 0.04,
          "rotate": {
            "anchor": "382% 1275%"
          },
          "width": 0.4431,
          "x": 0.2654,
          "y": 0.0612
        },
        "props": {
          "style": {
            "fontFamily": "Merriweather",
            "fontSize": 50,
            "fontWeight": "bold",
            "textAlign": "center"
          },
          "text": "Frequently Asked"
        },
        "type": "ia.display.label"
      },
      {
        "meta": {
          "name": "Label_0"
        },
        "position": {
          "height": 0.04,
          "rotate": {
            "anchor": "410% 853%"
          },
          "width": 0.2611,
          "x": 0.3559,
          "y": 0.1525
        },
        "props": {
          "style": {
            "color": "#FE2323",
            "fontFamily": "Merriweather",
            "fontSize": 50,
            "fontWeight": "bold",
            "textAlign": "center"
          },
          "text": "Questions"
        },
        "type": "ia.display.label"
      },
      {
        "meta": {
          "name": "Label_1"
        },
        "position": {
          "height": 0.04,
          "rotate": {
            "anchor": "340% 569%"
          },
          "width": 0.3189,
          "x": 0.6033,
          "y": 0.42
        },
        "props": {
          "style": {
            "fontWeight": "bold"
          },
          "text": "What devices are supported?"
        },
        "type": "ia.display.label"
      },
      {
        "meta": {
          "name": "Label_2"
        },
        "position": {
          "height": 0.04,
          "rotate": {
            "anchor": "340% 569%"
          },
          "width": 0.3201,
          "x": 0.6026,
          "y": 0.595
        },
        "props": {
          "style": {
            "fontWeight": "bold"
          },
          "text": "Is my data secure?"
        },
        "type": "ia.display.label"
      },
      {
        "meta": {
          "name": "Label_3"
        },
        "position": {
          "height": 0.04,
          "rotate": {
            "anchor": "340% 569%"
          },
          "width": 0.3201,
          "x": 0.0417,
          "y": 0.595
        },
        "props": {
          "style": {
            "fontWeight": "bold"
          },
          "text": " What if a tool goes missing?"
        },
        "type": "ia.display.label"
      },
      {
        "meta": {
          "name": "Label_4"
        },
        "position": {
          "height": 0.04,
          "rotate": {
            "anchor": "340% 569%"
          },
          "width": 0.345,
          "x": 0.6038,
          "y": 0.2687
        },
        "props": {
          "style": {
            "fontWeight": "bold"
          },
          "text": "Can I track progress on assigned tasks?"
        },
        "type": "ia.display.label"
      },
      {
        "meta": {
          "name": "Label_6"
        },
        "position": {
          "height": 0.04,
          "rotate": {
            "anchor": "340% 569%"
          },
          "width": 0.3201,
          "x": 0.0423,
          "y": 0.4113
        },
        "props": {
          "style": {
            "fontWeight": "bold"
          },
          "text": "How does tool tracking work?"
        },
        "type": "ia.display.label"
      },
      {
        "meta": {
          "name": "Label_7"
        },
        "position": {
          "height": 0.04,
          "rotate": {
            "anchor": "340% 569%"
          },
          "width": 0.3201,
          "x": 0.0423,
          "y": 0.2687
        },
        "props": {
          "style": {
            "fontWeight": "bold"
          },
          "text": "How do I access method statements"
        },
        "type": "ia.display.label"
      },
      {
        "meta": {
          "name": "Label_8"
        },
        "position": {
          "height": 0.04,
          "rotate": {
            "anchor": "340% 569%"
          },
          "width": 0.3716,
          "x": 0.6038,
          "y": 0.48
        },
        "props": {
          "text": "The MSMS works on desktops, tablets, and mobile devices via\n any modern web browser."
        },
        "type": "ia.display.label"
      },
      {
        "meta": {
          "name": "Label_9"
        },
        "position": {
          "height": 0.04,
          "rotate": {
            "anchor": "340% 569%"
          },
          "width": 0.3445,
          "x": 0.0423,
          "y": 0.4913
        },
        "props": {
          "text": "Tools are logged when checked out or returned.\n The system records who used the tool, when, and for which task."
        },
        "type": "ia.display.label"
      },
      {
        "meta": {
          "name": "Label_10"
        },
        "position": {
          "height": 0.04,
          "rotate": {
            "anchor": "340% 569%"
          },
          "width": 0.3564,
          "x": 0.0412,
          "y": 0.6637
        },
        "props": {
          "text": "The system provides a log history to trace who last used the tool and \nwhen it was last checked in."
        },
        "type": "ia.display.label"
      },
      {
        "meta": {
          "name": "Label_11"
        },
        "position": {
          "height": 0.04,
          "rotate": {
            "anchor": "340% 569%"
          },
          "width": 0.3066,
          "x": 0.6038,
          "y": 0.3362
        },
        "props": {
          "style": {
            "fontWeight": "normal"
          },
          "text": "Yes, supervisors and managers can monitor real-time task status,\n from initiation to completion."
        },
        "type": "ia.display.label"
      },
      {
        "meta": {
          "name": "Label_12"
        },
        "position": {
          "height": 0.04,
          "rotate": {
            "anchor": "340% 569%"
          },
          "width": 0.4518,
          "x": 0.0433,
          "y": 0.3287
        },
        "props": {
          "style": {
            "fontWeight": "normal"
          },
          "text": "Method statements can be viewed via the web app or mobile device. \nThey are stored centrally for easy access at any time."
        },
        "type": "ia.display.label"
      },
      {
        "meta": {
          "name": "Label_13"
        },
        "position": {
          "height": 0.04,
          "rotate": {
            "anchor": "340% 569%"
          },
          "width": 0.3369,
          "x": 0.6038,
          "y": 0.6637
        },
        "props": {
          "text": " Yes. All data is encrypted and stored securely in \nMzukulu Technologies’ operational database, accessible \nonly to authorized users."
        },
        "type": "ia.display.label"
      }
    ],
    "meta": {
      "name": "root"
    },
    "props": {
      "mode": "percent"
    },
    "type": "ia.container.coord"
  }
}