{
  "custom": {},
  "params": {},
  "props": {
    "defaultSize": {
      "width": 300
    }
  },
  "root": {
    "children": [
      {
        "meta": {
          "name": "EmbeddedView"
        },
        "position": {
          "basis": "60px"
        },
        "props": {
          "path": "Header/Header Mobile"
        },
        "type": "ia.display.view"
      },
      {
        "children": [
          {
            "children": [
              {
                "meta": {
                  "name": "Label_0"
                },
                "props": {
                  "style": {
                    "color": "#131319",
                    "font-weight": "bold",
                    "fontFamily": "Roboto",
                    "fontSize": "15px"
                  },
                  "text": "Need help? Reach out to our support team for technical or document-related issues."
                },
                "type": "ia.display.label"
              }
            ],
            "meta": {
              "name": "FlexContainer"
            },
            "position": {
              "basis": "100px"
            },
            "type": "ia.container.flex"
          }
        ],
        "meta": {
          "name": "FlexContainer"
        },
        "position": {
          "basis": "75px"
        },
        "props": {
          "alignItems": "center",
          "direction": "column",
          "style": {
            "marginLeft": 10,
            "marginRight": 10
          }
        },
        "type": "ia.container.flex"
      },
      {
        "children": [
          {
            "children": [
              {
                "meta": {
                  "name": "Label_1"
                },
                "position": {
                  "basis": "35.7px"
                },
                "props": {
                  "text": "Email:"
                },
                "type": "ia.display.label"
              },
              {
                "meta": {
                  "name": "Label_2"
                },
                "position": {
                  "basis": "33.8px"
                },
                "props": {
                  "text": "Phone:"
                },
                "type": "ia.display.label"
              },
              {
                "meta": {
                  "name": "Label_3"
                },
                "position": {
                  "basis": "39px"
                },
                "props": {
                  "text": "Hours: "
                },
                "type": "ia.display.label"
              }
            ],
            "meta": {
              "name": "FlexContainer"
            },
            "position": {
              "basis": "59px"
            },
            "props": {
              "direction": "column"
            },
            "type": "ia.container.flex"
          },
          {
            "children": [
              {
                "meta": {
                  "name": "Label_1"
                },
                "position": {
                  "basis": "35.7px"
                },
                "props": {
                  "text": "support@mzukulu.co.za"
                },
                "type": "ia.display.label"
              },
              {
                "meta": {
                  "name": "Label_2"
                },
                "position": {
                  "basis": "33.8px"
                },
                "props": {
                  "text": "031 303 1708"
                },
                "type": "ia.display.label"
              },
              {
                "meta": {
                  "name": "Label_3"
                },
                "position": {
                  "basis": "39px"
                },
                "props": {
                  "text": "Hours: Mon–Fri, 9:00 AM–5:00 PM "
                },
                "type": "ia.display.label"
              }
            ],
            "meta": {
              "name": "FlexContainer_0"
            },
            "position": {
              "basis": "200px"
            },
            "props": {
              "direction": "column"
            },
            "type": "ia.container.flex"
          }
        ],
        "meta": {
          "name": "FlexContainer_0"
        },
        "position": {
          "basis": "119px"
        },
        "props": {
          "style": {
            "font-size": "12px",
            "marginLeft": 10,
            "marginRight": 10
          }
        },
        "type": "ia.container.flex"
      },
      {
        "children": [
          {
            "meta": {
              "name": "Label_5"
            },
            "position": {
              "basis": "25px"
            },
            "props": {
              "style": {
                "font-weight": "bold"
              },
              "text": "Submit Feedback or Report an Issue",
              "textStyle": {
                "color": "#131319",
                "fontFamily": "Roboto",
                "fontSize": "15px"
              }
            },
            "type": "ia.display.label"
          },
          {
            "meta": {
              "name": "Label_6"
            },
            "position": {
              "basis": "54px"
            },
            "props": {
              "style": {
                "font-size": "12px"
              },
              "text": "Help us improve the Method Statement by sharing your suggestions. If you notice any errors or inconsistencies, please let us know."
            },
            "type": "ia.display.label"
          },
          {
            "children": [
              {
                "meta": {
                  "name": "TextField_1"
                },
                "props": {
                  "placeholder": "Subject:(e.g.Suggestion,Error,Clarification)"
                },
                "type": "ia.input.text-field"
              },
              {
                "meta": {
                  "name": "TextField_2"
                },
                "position": {
                  "basis": "115px"
                },
                "props": {
                  "placeholder": "Add Comment:",
                  "style": {
                    "marginTop": 10
                  }
                },
                "type": "ia.input.text-field"
              }
            ],
            "meta": {
              "name": "FlexContainer"
            },
            "position": {
              "basis": "165px"
            },
            "props": {
              "direction": "column",
              "style": {
                "marginTop": 15
              }
            },
            "type": "ia.container.flex"
          },
          {
            "children": [
              {
                "meta": {
                  "name": "Label_7"
                },
                "position": {
                  "basis": "199.1px"
                },
                "props": {
                  "style": {
                    "font-size": "12px"
                  },
                  "text": "Upload Support Documents"
                },
                "type": "ia.display.label"
              },
              {
                "meta": {
                  "name": "FileUpload"
                },
                "position": {
                  "basis": "80.9px"
                },
                "type": "ia.input.fileupload"
              }
            ],
            "meta": {
              "name": "FlexContainer_0"
            },
            "position": {
              "basis": "33px",
              "shrink": 0
            },
            "type": "ia.container.flex"
          },
          {
            "children": [
              {
                "meta": {
                  "name": "Button"
                },
                "position": {
                  "basis": "104px"
                },
                "props": {
                  "text": "Submit"
                },
                "type": "ia.input.button"
              }
            ],
            "meta": {
              "name": "FlexContainer_1"
            },
            "position": {
              "basis": "34px"
            },
            "props": {
              "style": {
                "marginTop": 10
              }
            },
            "type": "ia.container.flex"
          }
        ],
        "meta": {
          "name": "FlexContainer_1"
        },
        "position": {
          "basis": "480px"
        },
        "props": {
          "direction": "column",
          "style": {
            "marginLeft": 10,
            "marginRight": 10,
            "marginTop": 15
          }
        },
        "type": "ia.container.flex"
      }
    ],
    "meta": {
      "name": "root"
    },
    "props": {
      "direction": "column"
    },
    "type": "ia.container.flex"
  }
}