{
  "custom": {},
  "params": {},
  "props": {},
  "root": {
    "events": {
      "system": {
        "onStartup": {
          "config": {
            "script": "\tif self.page.props.dimensions.screen.width \u003c 900:\n\t\tsystem.perspective.navigate(\u0027/mobile/dashboard\u0027)\n\telse:\n\t\tsystem.perspective.navigate(\u0027/dashboard\u0027)"
          },
          "scope": "G",
          "type": "script"
        }
      }
    },
    "meta": {
      "name": "root"
    },
    "props": {
      "direction": "column"
    },
    "type": "ia.container.flex"
  }
}