{
  "custom": {},
  "params": {},
  "props": {
    "defaultSize": {
      "width": 932
    }
  },
  "root": {
    "children": [
      {
        "meta": {
          "name": "Label"
        },
        "position": {
          "height": 32,
          "width": 321,
          "x": 102,
          "y": 425
        },
        "props": {
          "style": {
            "color": "#290F0F",
            "fontSize": 13,
            "fontWeight": "bold"
          },
          "text": "Can I track progress on assigned tasks?"
        },
        "type": "ia.display.label"
      },
      {
        "meta": {
          "name": "Label_0"
        },
        "position": {
          "height": 32,
          "width": 230,
          "x": 102,
          "y": 240
        },
        "props": {
          "text": "How does tool tracking work?",
          "textStyle": {
            "color": "#230505",
            "fontSize": 13,
            "fontWeight": "bold"
          }
        },
        "type": "ia.display.label"
      },
      {
        "meta": {
          "name": "Label_1"
        },
        "position": {
          "height": 32,
          "rotate": {
            "anchor": "-183% 100%"
          },
          "width": 158,
          "x": 104,
          "y": 624
        },
        "props": {
          "style": {
            "color": "#290F0F",
            "fontSize": 13,
            "fontWeight": "bold"
          },
          "text": "Is my data secure?"
        },
        "type": "ia.display.label"
      },
      {
        "meta": {
          "name": "Label_2"
        },
        "position": {
          "height": 32,
          "width": 747,
          "x": 102.5,
          "y": 193
        },
        "props": {
          "text": "Method statements can be viewed via the web app or mobile device. \nThey are stored centrally for easy access at any time.  ",
          "textStyle": {
            "color": "#1C0000",
            "fontSize": 13,
            "fontWeight": "normal"
          }
        },
        "type": "ia.display.label"
      },
      {
        "meta": {
          "name": "Label_3"
        },
        "position": {
          "height": 32,
          "width": 234,
          "x": 98,
          "y": 525
        },
        "props": {
          "style": {
            "color": "#190909",
            "fontSize": 13,
            "fontWeight": "bold"
          },
          "text": "What devices are supported?"
        },
        "type": "ia.display.label"
      },
      {
        "meta": {
          "name": "Label_4"
        },
        "position": {
          "height": 32,
          "width": 302,
          "x": 106.5,
          "y": 151
        },
        "props": {
          "text": "How do I access method statements?",
          "textStyle": {
            "color": "#150808",
            "fontSize": 13,
            "fontWeight": "bold"
          }
        },
        "type": "ia.display.label"
      },
      {
        "meta": {
          "name": "Label_5"
        },
        "position": {
          "height": 32,
          "width": 756,
          "x": 102,
          "y": 283
        },
        "props": {
          "text": "Tools are logged when checked out or returned. The system records who used the tool, when, and for which task.",
          "textStyle": {
            "color": "#240A0A",
            "fontSize": 13
          }
        },
        "type": "ia.display.label"
      },
      {
        "meta": {
          "name": "Label_6"
        },
        "position": {
          "height": 32,
          "width": 555,
          "x": 98,
          "y": 571.8000244140625
        },
        "props": {
          "text": "The MSMS works on desktops, tablets, and mobile devices via any modern web browser.",
          "textStyle": {
            "fontSize": 13,
            "fontWeight": "normal"
          }
        },
        "type": "ia.display.label"
      },
      {
        "meta": {
          "name": "Label_7"
        },
        "position": {
          "height": 32,
          "width": 619,
          "x": 102.5,
          "y": 384
        },
        "props": {
          "style": {
            "color": "#270C0C",
            "fontSize": 13,
            "fontWeight": "normal"
          },
          "text": "The system provides a log history to trace who last used the tool and when it was last checked in. "
        },
        "type": "ia.display.label"
      },
      {
        "meta": {
          "name": "Label_8"
        },
        "position": {
          "height": 32,
          "width": 158,
          "x": 324,
          "y": 84
        },
        "props": {
          "style": {
            "color": "#DF1414",
            "fontFamily": "Merriweather",
            "fontSize": 50,
            "fontWeight": "bold"
          },
          "text": "QUESTIONS"
        },
        "type": "ia.display.label"
      },
      {
        "meta": {
          "name": "Label_9"
        },
        "position": {
          "height": 32,
          "width": 617,
          "x": 100,
          "y": 470.3999938964844
        },
        "props": {
          "style": {
            "color": "#250E0E",
            "fontSize": 13,
            "fontWeight": "normal"
          },
          "text": "Yes, supervisors and managers can monitor real-time task status,\n from initiation to completion."
        },
        "type": "ia.display.label"
      },
      {
        "meta": {
          "name": "Label_10"
        },
        "position": {
          "height": 32,
          "width": 240,
          "x": 102,
          "y": 337
        },
        "props": {
          "style": {
            "color": "#1F0F0F",
            "fontSize": 13,
            "fontWeight": "bold"
          },
          "text": "What if a tool goes missing?"
        },
        "type": "ia.display.label"
      },
      {
        "meta": {
          "name": "Label_11"
        },
        "position": {
          "height": 32,
          "width": 547,
          "x": 197,
          "y": 31
        },
        "props": {
          "style": {
            "fontFamily": "Merriweather",
            "fontSize": 50,
            "fontWeight": "bold"
          },
          "text": "FREQUENTLY ASKED"
        },
        "type": "ia.display.label"
      },
      {
        "meta": {
          "name": "Label_12"
        },
        "position": {
          "height": 32,
          "rotate": {
            "anchor": "-183% 100%"
          },
          "width": 797,
          "x": 102,
          "y": 670
        },
        "props": {
          "style": {
            "color": "#1E0404",
            "fontSize": 13
          },
          "text": "Yes. All data is encrypted and stored securely in Mzukulu Technologies’ operational database, accessible only to authorized users."
        },
        "type": "ia.display.label"
      },
      {
        "meta": {
          "name": "Label_13"
        },
        "position": {
          "height": 32,
          "rotate": {
            "anchor": "100% -134%"
          },
          "width": 50,
          "x": 849.5,
          "y": 193
        },
        "props": {
          "style": {
            "color": "#2D11AD",
            "fontSize": 13,
            "fontWeight": "bolder",
            "textDecoration": "underline"
          },
          "text": "Video"
        },
        "type": "ia.display.label"
      }
    ],
    "meta": {
      "name": "root"
    },
    "type": "ia.container.coord"
  }
}