{
  "custom": {},
  "params": {
    "quantity": "",
    "quantity_max": 2,
    "reason": "",
    "selected": false,
    "status": "",
    "tool": ""
  },
  "propConfig": {
    "params.quantity": {
      "paramDirection": "inout",
      "persistent": true
    },
    "params.quantity_max": {
      "paramDirection": "inout",
      "persistent": true
    },
    "params.reason": {
      "paramDirection": "inout",
      "persistent": true
    },
    "params.selected": {
      "paramDirection": "inout",
      "persistent": true
    },
    "params.status": {
      "paramDirection": "inout",
      "persistent": true
    },
    "params.tool": {
      "paramDirection": "inout",
      "persistent": true
    }
  },
  "props": {
    "defaultSize": {
      "height": 100,
      "width": 1100
    }
  },
  "root": {
    "children": [
      {
        "children": [
          {
            "meta": {
              "name": "TextArea_0"
            },
            "position": {
              "basis": "200px",
              "grow": 1
            },
            "propConfig": {
              "props.text": {
                "binding": {
                  "config": {
                    "path": "view.params.tool"
                  },
                  "type": "property"
                }
              }
            },
            "props": {
              "style": {
                "classes": "Method_Statement/textarea"
              }
            },
            "type": "ia.input.text-area"
          },
          {
            "children": [
              {
                "meta": {
                  "name": "NumericEntryField"
                },
                "position": {
                  "basis": "50px"
                },
                "propConfig": {
                  "props.inputBounds.maximum": {
                    "binding": {
                      "config": {
                        "path": "view.params.quantity_max"
                      },
                      "type": "property"
                    }
                  },
                  "props.value": {
                    "binding": {
                      "config": {
                        "path": "view.params.quantity"
                      },
                      "type": "property"
                    }
                  }
                },
                "props": {
                  "inputBounds": {
                    "minimum": 1
                  }
                },
                "type": "ia.input.numeric-entry-field"
              },
              {
                "meta": {
                  "name": "Label"
                },
                "position": {
                  "basis": "50px"
                },
                "propConfig": {
                  "props.text": {
                    "binding": {
                      "config": {
                        "expression": "\u0027  /\u0027 + tostr({view.params.quantity_max})"
                      },
                      "type": "expr"
                    }
                  }
                },
                "props": {
                  "style": {
                    "color": "grey"
                  }
                },
                "type": "ia.display.label"
              }
            ],
            "meta": {
              "name": "FlexContainer_1"
            },
            "position": {
              "basis": "100px"
            },
            "props": {
              "alignItems": "flex-start",
              "style": {
                "backgroundColor": "white"
              }
            },
            "type": "ia.container.flex"
          },
          {
            "children": [
              {
                "meta": {
                  "name": "Dropdown"
                },
                "position": {
                  "basis": "25px"
                },
                "propConfig": {
                  "props.value": {
                    "binding": {
                      "config": {
                        "bidirectional": true,
                        "path": "view.params.status"
                      },
                      "type": "property"
                    }
                  }
                },
                "props": {
                  "options": [
                    {
                      "label": "Good Condition",
                      "value": 0
                    },
                    {
                      "label": "Damaged",
                      "value": 1
                    },
                    {
                      "label": "Lost",
                      "value": 1
                    }
                  ],
                  "placeholder": {
                    "text": "Select Return Status"
                  },
                  "style": {
                    "backgroundColor": "white",
                    "marginBottom": 5,
                    "marginTop": 5
                  }
                },
                "type": "ia.input.dropdown"
              },
              {
                "meta": {
                  "name": "TextArea"
                },
                "position": {
                  "basis": "63px"
                },
                "propConfig": {
                  "props.enabled": {
                    "binding": {
                      "config": {
                        "expression": "if({../Dropdown.props.value} \u003d 1 || {../Dropdown.props.value} \u003d 2, True, False)"
                      },
                      "type": "expr"
                    }
                  },
                  "props.text": {
                    "binding": {
                      "config": {
                        "bidirectional": true,
                        "path": "view.params.reason"
                      },
                      "type": "property"
                    }
                  }
                },
                "props": {
                  "style": {
                    "backgroundColor": "white",
                    "marginBottom": 5,
                    "marginTop": 5
                  }
                },
                "type": "ia.input.text-area"
              }
            ],
            "meta": {
              "name": "FlexContainer"
            },
            "position": {
              "basis": "40px",
              "grow": 1
            },
            "props": {
              "direction": "column",
              "style": {
                "backgroundColor": "white",
                "paddingLeft": 10,
                "paddingRight": 10
              }
            },
            "type": "ia.container.flex"
          },
          {
            "children": [
              {
                "events": {
                  "dom": {
                    "onClick": {
                      "config": {
                        "script": "\tselected_items \u003d self.custom.selected_items\n\tinstances \u003d self.parent.parent.getChild(\"FlexRepeater\").props.instances\n\t\n\t# Sort in reverse to prevent shifting issues\n\tfor i in sorted(selected_items, reverse\u003dTrue):\n\t    del instances[i]\n    \n\tself.parent.parent.parent.getChild(\"FlexContainer_7\").getChild(\"Dropdown\").refreshBinding(\u0027props.options\u0027)"
                      },
                      "scope": "G",
                      "type": "script"
                    }
                  }
                },
                "meta": {
                  "name": "Button",
                  "tooltip": {
                    "text": "click to remove selected tools"
                  }
                },
                "position": {
                  "basis": "25px",
                  "shrink": 0
                },
                "propConfig": {
                  "custom.selected_items": {
                    "binding": {
                      "config": {
                        "path": ".../FlexRepeater.props.instances"
                      },
                      "transforms": [
                        {
                          "code": "\tlist\t\t\u003d []\n\tfor i in range(len(value)):\n\t\tif self.parent.parent.getChild(\"FlexRepeater\").props.instances[i].selected \u003d\u003d True:\n\t\t\tlist.append(i)\n\treturn list",
                          "type": "script"
                        }
                      ],
                      "type": "property"
                    }
                  }
                },
                "props": {
                  "style": {
                    "classes": "Method_Statement/control_button"
                  },
                  "text": "Update Tool Return Status"
                },
                "type": "ia.input.button"
              }
            ],
            "meta": {
              "name": "FlexContainer_0"
            },
            "position": {
              "basis": "40px",
              "grow": 1
            },
            "props": {
              "direction": "column",
              "style": {
                "backgroundColor": "white",
                "paddingLeft": 10,
                "paddingRight": 10
              }
            },
            "type": "ia.container.flex"
          }
        ],
        "meta": {
          "name": "FlexContainer"
        },
        "position": {
          "grow": 1
        },
        "type": "ia.container.flex"
      }
    ],
    "events": {
      "dom": {
        "onClick": {
          "config": {
            "script": "\tselected\t\u003d self.view.params.selected\n\t\n\tif selected \u003d\u003d True:\n\t\tself.view.params.selected \u003d False\n\telse:\n\t\tself.view.params.selected \u003d True"
          },
          "enabled": false,
          "scope": "G",
          "type": "script"
        }
      }
    },
    "meta": {
      "name": "root"
    },
    "propConfig": {
      "props.style.classes": {
        "binding": {
          "config": {
            "path": "view.params.selected"
          },
          "transforms": [
            {
              "code": "\tif value \u003d\u003d True:\n\t\treturn \u0027Method_Statement/highlight_selected_item\u0027\n\telse:\n\t\treturn \u0027\u0027",
              "type": "script"
            }
          ],
          "type": "property"
        }
      }
    },
    "props": {
      "direction": "column",
      "style": {
        "borderBottomColor": "lightgrey",
        "borderBottomStyle": "solid",
        "borderBottomWidth": 1,
        "cursor": "pointer",
        "marginBottom": 2,
        "marginTop": 2,
        "overflow": "visible",
        "padding": 2
      }
    },
    "type": "ia.container.flex"
  }
}